lat,lon,2014-01,2014-02,2014-03,2014-04,2014-05,2014-06,2014-07,2014-08,2014-09,2014-10,2014-11,2014-12
29.0,72.5,1.6660726e-08,8.81786e-09,4.1321155e-09,3.1171243e-09,3.6869927e-09,2.1656097e-09,2.027869e-09,2.0628859e-09,2.62742e-09,1.04152225e-08,1.2780987e-08,2.2583142e-08
29.0,73.125,1.7214873e-08,9.566602e-09,4.0975547e-09,2.9142766e-09,3.5606023e-09,2.2674504e-09,2.1455167e-09,2.0854691e-09,2.534212e-09,1.1546282e-08,1.2512201e-08,2.1038996e-08
29.0,73.75,1.8042865e-08,1.0444102e-08,4.182336e-09,2.827238e-09,3.5908942e-09,2.3062177e-09,2.5130404e-09,2.1213282e-09,2.7134508e-09,1.32387195e-08,1.3084698e-08,2.2200744e-08
29.0,74.375,1.9202734e-08,1.1620208e-08,4.3984874e-09,2.85785e-09,3.6505394e-09,2.2972289e-09,2.827843e-09,2.3333138e-09,2.8771825e-09,1.47500945e-08,1.4503752e-08,2.415909e-08
29.0,75.0,2.0277112e-08,1.24876225e-08,4.5475934e-09,2.9591147e-09,3.6649592e-09,2.2836546e-09,3.0701939e-09,2.668382e-09,3.0143343e-09,1.5896703e-08,1.6669562e-08,2.5601784e-08
29.0,75.625,2.1338344e-08,1.28633575e-08,4.6874646e-09,3.0613874e-09,3.955132e-09,2.2689814e-09,3.4117018e-09,2.9739575e-09,3.298506e-09,1.675597e-08,1.8992957e-08,2.7407923e-08
29.0,76.25,2.3038924e-08,1.329985e-08,4.800389e-09,3.0895968e-09,4.5783852e-09,2.2721116e-09,4.114954e-09,3.1675698e-09,3.524015e-09,1.7199099e-08,2.1049143e-08,3.054844e-08
29.0,76.875,2.4353115e-08,1.42417615e-08,5.9598917e-09,3.812418e-09,5.467666e-09,2.7326799e-09,5.208093e-09,3.8612282e-09,4.586775e-09,1.8178742e-08,2.4146518e-08,3.286178e-08
29.0,77.5,2.3588788e-08,1.391665e-08,5.9670358e-09,3.6900605e-09,5.5699694e-09,3.106194e-09,5.8348086e-09,4.103315e-09,5.3390634e-09,1.7806876e-08,2.3298082e-08,3.2522276e-08
29.0,78.125,2.1207612e-08,1.30372335e-08,4.9393947e-09,3.2956278e-09,5.193556e-09,3.1135154e-09,6.0581775e-09,3.953747e-09,5.1721405e-09,1.5280154e-08,1.9355907e-08,2.8514926e-08
29.0,78.75,1.7535426e-08,1.18054855e-08,3.9763424e-09,3.0134115e-09,5.2104547e-09,3.2088305e-09,6.1844654e-09,4.073845e-09,4.8714996e-09,1.2253003e-08,1.353417e-08,1.8140906e-08
29.0,79.375,1.2482096e-08,9.607886e-09,3.4300882e-09,2.7733504e-09,5.186397e-09,3.2923524e-09,5.249754e-09,4.245079e-09,4.858047e-09,9.535052e-09,8.2929645e-09,8.933739e-09
29.0,80.0,9.412625e-09,7.608103e-09,3.5794656e-09,2.8310199e-09,5.287175e-09,3.5118741e-09,4.9149205e-09,4.565148e-09,4.6755795e-09,8.389821e-09,4.7141784e-09,4.315824e-09
29.0,80.625,6.846917e-09,5.9060237e-09,3.478398e-09,2.9778275e-09,5.2479057e-09,4.263693e-09,4.3658424e-09,4.5216533e-09,4.418939e-09,7.227062e-09,3.1264167e-09,2.4948323e-09
29.0,81.25,3.348177e-09,4.8288085e-09,2.9892613e-09,3.1702236e-09,5.2615627e-09,5.705181e-09,3.958961e-09,4.314421e-09,3.933742e-09,6.087348e-09,2.207592e-09,1.3339255e-09
29.5,72.5,1.7393369e-08,9.347868e-09,4.261132e-09,3.1284324e-09,3.8354164e-09,2.2907258e-09,2.3356743e-09,1.9131896e-09,2.7240994e-09,1.1630469e-08,1.5063698e-08,2.8109994e-08
29.5,73.125,1.7435205e-08,1.013718e-08,4.239795e-09,3.010971e-09,3.736516e-09,2.3804931e-09,2.5081628e-09,1.8993822e-09,2.6053573e-09,1.3450456e-08,1.505812e-08,2.80894e-08
29.5,73.75,1.8077719e-08,1.1075746e-08,4.224114e-09,2.9027563e-09,3.6664702e-09,2.4460298e-09,2.8433338e-09,1.953343e-09,2.731671e-09,1.5331086e-08,1.6219726e-08,2.9055986e-08
29.5,74.375,1.8986215e-08,1.2224633e-08,4.3392014e-09,2.8820957e-09,3.7751695e-09,2.4704725e-09,3.1216831e-09,2.2192161e-09,2.9405667e-09,1.6200387e-08,1.8578834e-08,3.0835604e-08
29.5,75.0,1.9781906e-08,1.3241691e-08,4.564551e-09,2.9276006e-09,3.7583e-09,2.509232e-09,3.3537362e-09,2.565609e-09,3.1312346e-09,1.632443e-08,2.0998968e-08,3.2879033e-08
29.5,75.625,2.0815268e-08,1.3819821e-08,4.6389608e-09,2.8987546e-09,3.901868e-09,2.5487041e-09,3.8388563e-09,2.8934453e-09,3.5570904e-09,1.6135138e-08,2.260359e-08,3.507039e-08
29.5,76.25,2.2685835e-08,1.3824174e-08,4.85322e-09,2.8852638e-09,4.391147e-09,2.5008646e-09,4.476097e-09,3.2069494e-09,4.107274e-09,1.5897026e-08,2.2832358e-08,3.5767766e-08
29.5,76.875,2.2659695e-08,1.3792439e-08,5.837858e-09,3.4100573e-09,5.437594e-09,3.1143188e-09,5.914712e-09,4.35325e-09,5.583581e-09,1.5873614e-08,2.1657414e-08,3.3625053e-08
29.5,77.5,1.9818609e-08,1.2531327e-08,4.9525823e-09,3.0292975e-09,5.1626916e-09,3.0435905e-09,5.5882032e-09,4.3686383e-09,5.6639347e-09,1.4989526e-08,1.7537644e-08,2.8266603e-08
29.5,78.125,1.545814e-08,1.0711818e-08,3.887799e-09,2.8540226e-09,4.6571595e-09,3.0210654e-09,5.654655e-09,4.4890878e-09,5.4906915e-09,1.2645758e-08,1.1702751e-08,1.869341e-08
29.5,78.75,1.1129135e-08,8.873112e-09,3.2407521e-09,2.5570346e-09,4.456293e-09,3.0893381e-09,5.5909757e-09,4.3011594e-09,5.4748206e-09,1.0446688e-08,8.147566e-09,8.648598e-09
29.5,79.375,7.6590245e-09,6.0479697e-09,2.5487146e-09,2.281958e-09,4.223932e-09,3.0133953e-09,4.742036e-09,3.9880588e-09,4.8821143e-09,8.450993e-09,5.5015734e-09,4.5673727e-09
29.5,80.0,5.569361e-09,3.587758e-09,2.3323246e-09,2.197178e-09,4.4416972e-09,3.0803795e-09,4.064616e-09,4.2581347e-09,4.035981e-09,6.5458066e-09,2.5564932e-09,1.8901614e-09
29.5,80.625,4.4889306e-09,2.564203e-09,2.333632e-09,2.13894e-09,4.8937085e-09,3.8904515e-09,3.4898964e-09,3.216169e-09,3.3016645e-09,5.3076907e-09,1.5523277e-09,8.849505e-10
29.5,81.25,1.9921016e-09,3.2369418e-09,2.2413587e-09,2.3979414e-09,4.3919095e-09,5.4954823e-09,2.621868e-09,2.2503464e-09,2.1530466e-09,3.6716896e-09,9.702285e-10,4.938302e-10
30.0,72.5,1.7739445e-08,9.74496e-09,4.3323585e-09,3.1852758e-09,3.7760204e-09,2.3400661e-09,2.6984306e-09,1.969637e-09,2.870475e-09,1.2987582e-08,1.6656223e-08,3.580608e-08
30.0,73.125,1.735065e-08,1.0630556e-08,4.2051247e-09,3.0511251e-09,3.7885335e-09,2.430591e-09,2.8534848e-09,1.8944972e-09,2.7036584e-09,1.4341849e-08,1.7840204e-08,3.636862e-08
30.0,73.75,1.7869327e-08,1.1525702e-08,4.0962567e-09,2.85569e-09,3.650378e-09,2.4881923e-09,3.132597e-09,2.0569302e-09,2.7396365e-09,1.5246561e-08,1.971558e-08,3.7287677e-08
30.0,74.375,1.8641341e-08,1.2425582e-08,4.2090047e-09,2.7726834e-09,3.7196317e-09,2.5225486e-09,3.405042e-09,2.4518636e-09,2.9418779e-09,1.5440577e-08,2.1077033e-08,3.8504286e-08
30.0,75.0,1.9460943e-08,1.3013489e-08,4.4872586e-09,2.7730624e-09,3.8511563e-09,2.6901987e-09,3.7051973e-09,2.825101e-09,3.338607e-09,1.494414e-08,2.2067837e-08,4.04891e-08
30.0,75.625,2.0661856e-08,1.35876075e-08,4.505742e-09,2.6841895e-09,3.896147e-09,2.7657248e-09,4.2206607e-09,3.0588119e-09,3.8471435e-09,1.4279944e-08,2.1717197e-08,4.0233214e-08
30.0,76.25,2.1605707e-08,1.3872669e-08,4.8982693e-09,2.6017895e-09,4.1794985e-09,2.6991953e-09,4.8291127e-09,3.4449437e-09,4.5050568e-09,1.31948e-08,1.902388e-08,3.5204465e-08
30.0,76.875,1.774942e-08,1.1644862e-08,4.994126e-09,2.6074738e-09,4.6042032e-09,2.729436e-09,5.5919296e-09,4.1312163e-09,5.4558877e-09,1.0948612e-08,1.3024489e-08,2.4365194e-08
30.0,77.5,1.230322e-08,8.976892e-09,3.6629777e-09,2.4447575e-09,4.306652e-09,2.8518388e-09,5.469265e-09,4.72827e-09,5.8977054e-09,8.694767e-09,6.7699397e-09,1.4876877e-08
30.0,78.125,9.283917e-09,7.577082e-09,3.257123e-09,2.333102e-09,3.977972e-09,2.9469263e-09,5.8490524e-09,5.081154e-09,6.139843e-09,9.10134e-09,6.0956857e-09,7.842669e-09
30.0,78.75,6.7944246e-09,5.890473e-09,2.8575613e-09,2.1123447e-09,3.812415e-09,2.8084406e-09,5.2406883e-09,4.830368e-09,5.60885e-09,8.358136e-09,4.7186957e-09,5.121167e-09
30.0,79.375,3.9832186e-09,2.7679379e-09,1.9010076e-09,1.9880624e-09,3.729966e-09,2.7425175e-09,4.048128e-09,3.3628178e-09,3.963339e-09,6.0684173e-09,2.221966e-09,2.0071451e-09
30.0,80.0,2.5242615e-09,1.7064612e-09,1.6796209e-09,1.900963e-09,3.8963672e-09,2.8182177e-09,2.9547909e-09,2.7000326e-09,2.786631e-09,4.195507e-09,9.344019e-10,7.265609e-10
30.0,80.625,1.6251099e-09,1.1182404e-09,1.6550481e-09,1.7513133e-09,4.198231e-09,2.292727e-09,1.303263e-09,1.1680953e-09,1.3499873e-09,3.0984237e-09,9.41008e-10,5.3890614e-10
30.0,81.25,8.816867e-10,7.4513645e-10,1.202336e-09,1.4528398e-09,3.372234e-09,1.6912667e-09,5.31083e-10,4.4322385e-10,5.3926236e-10,1.7113985e-09,7.652245e-10,3.7036263e-10
30.5,72.5,1.7179607e-08,1.0253067e-08,4.354795e-09,3.013457e-09,3.6280514e-09,2.3268785e-09,3.0356624e-09,2.2801854e-09,3.291336e-09,1.3320076e-08,1.8007308e-08,4.1749306e-08
30.5,73.125,1.6721573e-08,1.1096059e-08,4.2271577e-09,2.8046068e-09,3.6554098e-09,2.2874367e-09,3.132597e-09,2.1900721e-09,3.0495468e-09,1.3848932e-08,1.9087787e-08,4.198642e-08
30.5,73.75,1.7090418e-08,1.2007864e-08,4.019419e-09,2.5714275e-09,3.5373513e-09,2.3522684e-09,3.3420668e-09,2.458494e-09,3.0791623e-09,1.4089449e-08,2.0542585e-08,4.176186e-08
30.5,74.375,1.7956843e-08,1.25934e-08,4.154156e-09,2.5001154e-09,3.4826058e-09,2.4716396e-09,3.6916354e-09,2.9468488e-09,3.3430523e-09,1.3992661e-08,2.0282894e-08,4.16999e-08
30.5,75.0,1.8959577e-08,1.27471855e-08,4.3615134e-09,2.5811666e-09,3.5994758e-09,2.6930864e-09,4.0550594e-09,3.382262e-09,3.965696e-09,1.3371945e-08,1.9655554e-08,4.217583e-08
30.5,75.625,1.9859419e-08,1.3397913e-08,4.3395096e-09,2.5625295e-09,3.748486e-09,2.771015e-09,4.5784003e-09,3.588732e-09,4.4451665e-09,1.2501559e-08,1.8166105e-08,3.8779778e-08
30.5,76.25,1.7866011e-08,1.33011495e-08,4.7278053e-09,2.5381854e-09,3.895047e-09,2.7612683e-09,5.36812e-09,3.931435e-09,5.1904974e-09,1.0831551e-08,1.3382224e-08,2.6421356e-08
30.5,76.875,1.2518858e-08,1.0047627e-08,4.764464e-09,2.491498e-09,3.98516e-09,3.0184886e-09,6.099457e-09,4.496158e-09,6.102387e-09,8.186154e-09,7.738658e-09,1.2633007e-08
30.5,77.5,7.665515e-09,6.639783e-09,3.5272796e-09,2.0248514e-09,3.610419e-09,3.1711245e-09,5.9147705e-09,5.5633915e-09,6.1601857e-09,6.2377223e-09,3.1704477e-09,5.871676e-09
30.5,78.125,5.0921662e-09,4.9200763e-09,2.8179066e-09,1.6697543e-09,3.281556e-09,3.0238696e-09,5.2801488e-09,4.793431e-09,5.470652e-09,5.6639196e-09,2.3765119e-09,3.134493e-09
30.5,78.75,2.2930495e-09,2.8916973e-09,2.3177322e-09,1.5241632e-09,3.0930962e-09,2.6422533e-09,3.5845829e-09,3.412598e-09,3.3911984e-09,4.451211e-09,1.2091489e-09,1.2851089e-09
30.5,79.375,1.2866065e-09,1.1323955e-09,9.6498e-10,1.4400804e-09,2.7246774e-09,2.0716362e-09,1.8551989e-09,1.7943942e-09,1.7113012e-09,3.2577852e-09,8.632055e-10,9.1526087e-10
30.5,80.0,1.0758843e-09,9.174116e-10,8.5595425e-10,1.2808667e-09,2.1803632e-09,1.590741e-09,8.844508e-10,1.0452309e-09,8.2410145e-10,2.1399942e-09,6.9873857e-10,5.6221194e-10
30.5,80.625,9.199811e-10,8.214264e-10,9.248008e-10,1.1908353e-09,1.9106394e-09,1.5327474e-09,5.7173866e-10,6.983862e-10,5.703562e-10,1.9365551e-09,8.365521e-10,4.2593257e-10
30.5,81.25,7.393198e-10,6.4914824e-10,8.3560797e-10,1.0181904e-09,1.7531134e-09,1.3736086e-09,7.496338e-10,5.9686106e-10,5.417649e-10,1.4622445e-09,7.1283573e-10,3.7500453e-10
31.0,72.5,1.5858111e-08,1.0358309e-08,4.291974e-09,2.722161e-09,3.3962917e-09,2.2485178e-09,3.3256886e-09,2.720128e-09,4.1476027e-09,1.2347561e-08,1.6994115e-08,4.149371e-08
31.0,73.125,1.59997e-08,1.14575505e-08,4.109129e-09,2.5159936e-09,3.3383334e-09,2.124296e-09,3.3403873e-09,2.794501e-09,3.8765426e-09,1.2466998e-08,1.7277772e-08,4.0644768e-08
31.0,73.75,1.6079118e-08,1.2497172e-08,3.9778096e-09,2.2654885e-09,3.1971124e-09,2.1711577e-09,3.4645333e-09,3.0988223e-09,3.866508e-09,1.2378425e-08,1.8201181e-08,3.8969567e-08
31.0,74.375,1.6852951e-08,1.2777654e-08,4.1074273e-09,2.1981557e-09,3.1766927e-09,2.3569675e-09,3.880378e-09,3.5015377e-09,4.078428e-09,1.2195705e-08,1.7702021e-08,3.8002685e-08
31.0,75.0,1.8057035e-08,1.2737847e-08,4.1859662e-09,2.350117e-09,3.2003689e-09,2.5144768e-09,4.3524495e-09,3.823572e-09,4.5150914e-09,1.1805884e-08,1.6782462e-08,3.7289674e-08
31.0,75.625,1.8090246e-08,1.3530017e-08,4.271063e-09,2.5475835e-09,3.3942966e-09,2.5928297e-09,5.0835514e-09,4.0160772e-09,5.0330033e-09,1.1055815e-08,1.4130526e-08,3.1457905e-08
31.0,76.25,1.4250858e-08,1.1429052e-08,4.3984656e-09,2.5143112e-09,3.5743912e-09,2.8408491e-09,6.093061e-09,4.35435e-09,5.554174e-09,9.323726e-09,9.14219e-09,1.8936744e-08
31.0,76.875,9.9889075e-09,8.510808e-09,3.852402e-09,2.166422e-09,3.5280217e-09,3.1348886e-09,7.448208e-09,4.493063e-09,5.83539e-09,7.355976e-09,5.2433227e-09,8.680577e-09
31.0,77.5,5.110675e-09,5.684797e-09,2.7431704e-09,1.6663437e-09,3.0512557e-09,3.0609544e-09,5.6982814e-09,4.779407e-09,4.967444e-09,4.996189e-09,1.6976195e-09,4.5347335e-09
31.0,78.125,2.5903006e-09,3.1085101e-09,1.6796851e-09,1.2115698e-09,2.7356868e-09,2.769071e-09,3.2932694e-09,3.1874028e-09,2.8325111e-09,3.827349e-09,1.1231059e-09,1.2738888e-09
31.0,78.75,1.1374246e-09,1.1499357e-09,1.0245244e-09,9.354065e-10,2.1203292e-09,1.825311e-09,1.1738095e-09,9.646463e-10,9.546215e-10,2.2140298e-09,7.7645584e-10,6.600807e-10
31.0,79.375,8.8844854e-10,8.171693e-10,6.8194006e-10,8.930326e-10,1.3923631e-09,1.0857288e-09,5.562846e-10,5.511232e-10,5.962408e-10,1.4173273e-09,6.96785e-10,5.428054e-10
31.0,80.0,9.2483704e-10,7.6877166e-10,6.6583866e-10,9.777501e-10,1.4877793e-09,1.2317861e-09,6.3464234e-10,7.15089e-10,6.053291e-10,1.4434918e-09,7.452857e-10,4.2813664e-10
31.0,80.625,9.463444e-10,7.6130235e-10,8.573478e-10,1.0116137e-09,1.7197188e-09,1.3673577e-09,8.824686e-10,9.1525204e-10,6.288433e-10,1.4794406e-09,8.306944e-10,3.729976e-10
31.0,81.25,8.5970414e-10,7.6952433e-10,8.461112e-10,8.9160396e-10,1.5008497e-09,1.3455298e-09,1.0386029e-09,9.662222e-10,7.1126627e-10,1.28636e-09,8.1224916e-10,4.180176e-10
31.5,72.5,1.3896126e-08,9.7124175e-09,4.1434474e-09,2.2427966e-09,2.9796845e-09,2.1252964e-09,3.7179742e-09,3.1629124e-09,5.0821463e-09,1.1252647e-08,1.279128e-08,3.138394e-08
31.5,73.125,1.42072905e-08,1.1155724e-08,3.970453e-09,2.1439648e-09,2.8684988e-09,2.1236215e-09,3.731543e-09,3.4556522e-09,4.934111e-09,1.0958235e-08,1.2636135e-08,3.1150584e-08
31.5,73.75,1.44792e-08,1.2106893e-08,3.911299e-09,1.9945121e-09,2.7670828e-09,2.1741136e-09,3.7019994e-09,3.715225e-09,4.871416e-09,1.0828295e-08,1.4022857e-08,3.1100825e-08
31.5,74.375,1.5190748e-08,1.20490675e-08,4.107493e-09,1.9827948e-09,2.8092861e-09,2.3829183e-09,4.179147e-09,4.030981e-09,5.0755826e-09,1.0741511e-08,1.4391491e-08,3.034693e-08
31.5,75.0,1.6456294e-08,1.24055894e-08,4.3205275e-09,2.1315503e-09,2.8840994e-09,2.5853493e-09,4.9556204e-09,4.144404e-09,5.3102474e-09,1.0173018e-08,1.3556513e-08,2.8554563e-08
31.5,75.625,1.5930812e-08,1.27609745e-08,4.447945e-09,2.41698e-09,3.0741398e-09,2.7365223e-09,5.778757e-09,4.1635766e-09,5.469106e-09,9.27473e-09,1.03848325e-08,2.3770825e-08
31.5,76.25,1.11865806e-08,8.944832e-09,4.2266737e-09,2.3010347e-09,3.1696807e-09,3.001337e-09,6.522988e-09,4.2470005e-09,5.2179034e-09,7.654275e-09,5.4510814e-09,1.4049085e-08
31.5,76.875,6.1908065e-09,6.2605805e-09,3.2095504e-09,1.8773616e-09,3.1093168e-09,3.0487064e-09,8.002237e-09,4.2224e-09,5.0151012e-09,6.6469292e-09,2.2009794e-09,5.2703166e-09
31.5,77.5,3.057146e-09,4.5111084e-09,2.2855278e-09,1.7540266e-09,2.8404108e-09,3.1511838e-09,4.644896e-09,3.3514418e-09,3.246763e-09,4.4540274e-09,1.1007579e-09,2.3262052e-09
31.5,78.125,2.0031883e-09,1.954128e-09,1.2667121e-09,1.1423327e-09,2.1341733e-09,1.9875117e-09,1.7592526e-09,1.4971728e-09,1.545271e-09,2.7558833e-09,1.0740586e-09,1.1580813e-09
31.5,78.75,1.0563915e-09,9.779579e-10,8.265845e-10,7.64917e-10,1.3325345e-09,1.2211261e-09,8.416605e-10,6.598399e-10,7.9976864e-10,1.6623775e-09,7.02314e-10,5.7118493e-10
31.5,79.375,8.9366875e-10,8.382947e-10,7.040118e-10,7.165092e-10,1.2839279e-09,1.1832721e-09,9.93317e-10,6.4747185e-10,7.110541e-10,1.3719406e-09,7.108292e-10,4.3582424e-10
31.5,80.0,8.805042e-10,7.5004175e-10,6.31872e-10,7.4672524e-10,1.3287424e-09,1.148628e-09,9.893507e-10,7.2153883e-10,6.875067e-10,1.1197978e-09,6.94598e-10,3.668035e-10
31.5,80.625,8.3907387e-10,6.7154304e-10,5.8888233e-10,7.091764e-10,1.1397803e-09,9.41176e-10,9.213495e-10,6.8824146e-10,5.585015e-10,8.960502e-10,6.0974686e-10,3.243928e-10
31.5,81.25,7.9296236e-10,6.376014e-10,6.512657e-10,7.385379e-10,1.0239775e-09,9.467201e-10,9.256788e-10,7.990696e-10,6.6294936e-10,9.53606e-10,6.877801e-10,3.3611355e-10
32.0,72.5,1.2701608e-08,9.03501e-09,3.9419286e-09,1.9478854e-09,2.5924891e-09,2.2491318e-09,4.3060067e-09,3.963649e-09,5.8167453e-09,1.0654199e-08,9.726093e-09,2.2402153e-08
32.0,73.125,1.2251906e-08,1.0124902e-08,3.9129273e-09,1.8385793e-09,2.3802247e-09,2.3224522e-09,4.419444e-09,4.1653663e-09,5.664875e-09,9.399391e-09,7.990065e-09,2.1681657e-08
32.0,73.75,1.2125604e-08,1.0835541e-08,3.8277355e-09,1.7855785e-09,2.3061082e-09,2.3706932e-09,4.397499e-09,4.220992e-09,5.5879465e-09,8.996983e-09,8.358978e-09,2.1818625e-08
32.0,74.375,1.3100847e-08,1.1060252e-08,4.0858192e-09,1.8320234e-09,2.375384e-09,2.4758158e-09,4.964437e-09,4.2952184e-09,5.610866e-09,9.021246e-09,9.6262385e-09,2.1908312e-08
32.0,75.0,1.3341877e-08,1.1405243e-08,4.2720165e-09,1.9788158e-09,2.6227518e-09,2.7544849e-09,5.8097682e-09,4.2167234e-09,5.582778e-09,8.6447445e-09,8.829051e-09,1.8948963e-08
32.0,75.625,1.1419704e-08,1.1876881e-08,4.457861e-09,2.2155877e-09,2.8826765e-09,3.1476064e-09,6.215168e-09,4.0619037e-09,5.231834e-09,8.3795095e-09,6.5258465e-09,1.331014e-08
32.0,76.25,7.87722e-09,7.385219e-09,4.3881605e-09,2.2127795e-09,2.8930771e-09,3.2532064e-09,5.898532e-09,3.9679033e-09,4.595142e-09,7.2400153e-09,3.4914236e-09,8.607539e-09
32.0,76.875,3.569616e-09,4.0380677e-09,2.6913514e-09,1.9299835e-09,2.8209997e-09,3.1231258e-09,5.2360822e-09,3.518598e-09,3.5708236e-09,5.3477525e-09,1.3861687e-09,2.7295368e-09
32.0,77.5,2.0356363e-09,1.972595e-09,1.5954046e-09,1.6824929e-09,2.1565953e-09,2.7527833e-09,2.2025286e-09,2.1381685e-09,1.4113006e-09,2.7348916e-09,9.338098e-10,1.1734813e-09
32.0,78.125,1.5335597e-09,1.3430952e-09,1.0618686e-09,1.1466869e-09,1.5600072e-09,1.3929751e-09,1.0922502e-09,1.0756074e-09,7.8691165e-10,1.7578523e-09,8.6257834e-10,8.44412e-10
32.0,78.75,1.1126814e-09,1.0183722e-09,9.289256e-10,8.706533e-10,1.4684379e-09,1.2772646e-09,1.2416439e-09,8.8899405e-10,8.024602e-10,1.5173497e-09,7.0232775e-10,5.7458543e-10
32.0,79.375,8.7200547e-10,8.0291324e-10,7.4498996e-10,7.06643e-10,1.2958027e-09,1.1283614e-09,1.3790655e-09,8.250709e-10,7.3131684e-10,1.2277857e-09,6.450514e-10,4.063239e-10
32.0,80.0,8.0974244e-10,7.0853085e-10,6.157099e-10,6.346764e-10,1.1698377e-09,9.531775e-10,1.3078756e-09,7.80491e-10,6.539899e-10,1.0098663e-09,5.9327887e-10,3.4357103e-10
32.0,80.625,7.686494e-10,6.321107e-10,5.2240784e-10,5.9730093e-10,1.0186232e-09,8.764465e-10,1.1961214e-09,7.5156503e-10,5.660721e-10,8.7038904e-10,5.2276933e-10,3.073398e-10
32.0,81.25,7.3869594e-10,6.126076e-10,5.331421e-10,5.9683575e-10,1.0123997e-09,8.64877e-10,1.1425016e-09,8.3971446e-10,5.833004e-10,8.154444e-10,5.4829297e-10,2.9081576e-10
32.5,72.5,1.1667204e-08,8.132434e-09,3.8352095e-09,1.8193131e-09,2.3208655e-09,2.4107414e-09,4.9035007e-09,4.708643e-09,5.603317e-09,1.0404675e-08,8.448655e-09,1.8706025e-08
32.5,73.125,1.1602952e-08,8.854142e-09,4.1483177e-09,1.7982735e-09,2.1534379e-09,2.3769158e-09,5.1986464e-09,4.6009703e-09,5.507274e-09,7.890773e-09,6.2237273e-09,1.7015568e-08
32.5,73.75,1.25382655e-08,9.5641495e-09,4.157464e-09,1.7335137e-09,2.1351894e-09,2.287664e-09,5.4985447e-09,4.335251e-09,5.2667737e-09,6.985591e-09,5.094302e-09,1.4846937e-08
32.5,74.375,1.2421468e-08,1.0646578e-08,4.245201e-09,1.871954e-09,2.2696331e-09,2.3451365e-09,5.988616e-09,4.2874584e-09,5.1422333e-09,6.7739725e-09,5.682957e-09,1.3908132e-08
32.5,75.0,9.640549e-09,1.10184155e-08,4.290969e-09,2.1517677e-09,2.611515e-09,2.5513796e-09,6.446121e-09,4.14458e-09,5.915607e-09,7.0844917e-09,5.158391e-09,1.0672355e-08
32.5,75.625,6.9259842e-09,1.148091e-08,4.6298143e-09,2.2849895e-09,2.7440226e-09,2.901626e-09,7.3888855e-09,4.201115e-09,6.0065113e-09,7.1972672e-09,4.296152e-09,6.179628e-09
32.5,76.25,4.8837907e-09,6.324389e-09,4.2151362e-09,2.1849604e-09,2.6198619e-09,2.9558622e-09,4.928409e-09,3.3997625e-09,3.5035363e-09,5.4448046e-09,2.5838558e-09,4.0407557e-09
32.5,76.875,2.2310778e-09,2.3041729e-09,1.999697e-09,1.5158413e-09,1.9687076e-09,2.2263755e-09,2.5747027e-09,1.7748144e-09,1.6259868e-09,2.4738813e-09,1.0089823e-09,1.4544235e-09
32.5,77.5,1.4199545e-09,1.2890488e-09,1.1370046e-09,1.2634508e-09,1.3046225e-09,1.4680464e-09,1.0333658e-09,9.509405e-10,8.571038e-10,1.5128205e-09,8.9733243e-10,7.8593204e-10
32.5,78.125,1.1420113e-09,1.0734118e-09,8.004393e-10,8.841006e-10,9.976827e-10,1.05279e-09,9.915896e-10,7.4740997e-10,5.693207e-10,1.0208976e-09,7.356863e-10,6.7804323e-10
32.5,78.75,9.2960895e-10,9.341277e-10,7.371772e-10,7.767158e-10,1.055003e-09,9.972615e-10,1.1535952e-09,8.01457e-10,5.929619e-10,9.0484903e-10,6.3224453e-10,5.531193e-10
32.5,79.375,7.728799e-10,7.8140105e-10,6.7542233e-10,6.7818057e-10,1.0614171e-09,9.289737e-10,1.2725887e-09,7.914012e-10,5.652166e-10,8.187624e-10,5.214221e-10,4.299469e-10
32.5,80.0,7.356044e-10,6.810355e-10,5.9077326e-10,5.665619e-10,1.0351188e-09,8.8293806e-10,1.3946774e-09,7.5716683e-10,5.8379873e-10,8.139435e-10,4.5914167e-10,3.5730469e-10
32.5,80.625,7.054178e-10,6.003951e-10,4.9441956e-10,5.0186744e-10,9.019841e-10,8.8640173e-10,1.2358055e-09,7.402935e-10,5.755062e-10,7.720151e-10,4.2715492e-10,3.105464e-10
32.5,81.25,6.7370615e-10,5.5169425e-10,4.4600457e-10,4.751307e-10,8.615996e-10,8.317335e-10,1.0244213e-09,7.7032153e-10,5.853259e-10,7.1292544e-10,4.019548e-10,2.7478822e-10
33.0,72.5,1.0128867e-08,7.0944246e-09,4.0636983e-09,1.7181015e-09,2.1558215e-09,2.2487983e-09,5.319697e-09,5.0832223e-09,5.351493e-09,9.20294e-09,6.6234502e-09,1.480862e-08
33.0,73.125,8.990766e-09,7.2334556e-09,4.3274735e-09,1.771504e-09,2.1166033e-09,2.0875297e-09,5.2884808e-09,4.489161e-09,4.8787228e-09,6.709376e-09,4.803135e-09,1.3168391e-08
33.0,73.75,8.885199e-09,7.6865465e-09,4.672722e-09,1.7026762e-09,2.171305e-09,1.990388e-09,5.451486e-09,4.131018e-09,4.8818e-09,5.9216143e-09,4.1644874e-09,9.5475015e-09
33.0,74.375,8.753696e-09,9.197363e-09,4.78115e-09,1.8702866e-09,2.3440063e-09,2.0347222e-09,5.7544063e-09,4.128429e-09,5.8744978e-09,5.639583e-09,4.256475e-09,7.656479e-09
33.0,75.0,6.614385e-09,1.1286684e-08,4.984202e-09,2.3210283e-09,2.4267264e-09,2.0847102e-09,6.2864753e-09,4.1087573e-09,5.8320397e-09,5.2321e-09,3.4252956e-09,5.024232e-09
33.0,75.625,4.543066e-09,9.744896e-09,4.6259934e-09,2.2603879e-09,2.334486e-09,2.5142495e-09,6.639374e-09,4.111882e-09,4.996169e-09,4.504101e-09,2.631483e-09,3.4723704e-09
33.0,76.25,2.5539064e-09,4.320297e-09,2.8851819e-09,1.6678217e-09,1.9355624e-09,2.1259332e-09,3.5711936e-09,2.6152425e-09,2.1488817e-09,2.5552591e-09,1.4120392e-09,1.6890016e-09
33.0,76.875,1.4844868e-09,1.9537412e-09,1.2642055e-09,9.750596e-10,1.1081038e-09,1.2262988e-09,1.1465081e-09,9.720432e-10,8.527306e-10,1.3991777e-09,7.2281175e-10,9.0385827e-10
33.0,77.5,1.1076342e-09,1.203676e-09,8.106015e-10,7.7631035e-10,8.537039e-10,9.193444e-10,9.651538e-10,7.061398e-10,6.6005984e-10,1.1416257e-09,7.277453e-10,6.923916e-10
33.0,78.125,9.0331825e-10,9.425247e-10,7.1150275e-10,6.872916e-10,6.639752e-10,9.0639546e-10,1.0323757e-09,7.323538e-10,6.89681e-10,8.3510765e-10,6.35766e-10,6.141237e-10
33.0,78.75,7.8303153e-10,8.343192e-10,6.7815903e-10,6.4565003e-10,6.989321e-10,9.1289454e-10,1.1172632e-09,8.161336e-10,7.105463e-10,7.134297e-10,4.7957355e-10,5.184003e-10
33.0,79.375,6.926393e-10,7.235258e-10,5.966474e-10,5.6843397e-10,7.7184203e-10,8.4670226e-10,1.1870228e-09,7.8709583e-10,6.205101e-10,6.691615e-10,3.8150208e-10,4.312708e-10
33.0,80.0,6.6006245e-10,6.459782e-10,5.22668e-10,4.9357307e-10,7.880369e-10,7.935461e-10,1.1164343e-09,7.477052e-10,5.992469e-10,6.7775036e-10,3.5711625e-10,3.7821207e-10
33.0,80.625,6.392195e-10,6.027554e-10,4.622934e-10,4.4547216e-10,7.44482e-10,7.4848444e-10,8.9894403e-10,7.0601874e-10,5.823151e-10,6.6742323e-10,3.5394201e-10,3.3423223e-10
33.0,81.25,6.0848404e-10,5.3663074e-10,4.1593107e-10,4.2297355e-10,7.157797e-10,6.900304e-10,7.857743e-10,7.1449024e-10,6.0479854e-10,6.1408206e-10,3.1358696e-10,2.9790376e-10
33.5,72.5,7.884139e-09,6.155891e-09,4.361686e-09,1.6746732e-09,2.0067892e-09,2.0339606e-09,5.1556652e-09,4.673583e-09,4.717484e-09,6.6236856e-09,4.394294e-09,1.246007e-08
33.5,73.125,6.2742416e-09,6.3999765e-09,4.394633e-09,1.7170291e-09,2.0914968e-09,1.8864517e-09,4.9274407e-09,4.1030073e-09,4.067605e-09,5.5873604e-09,4.31034e-09,7.860565e-09
33.5,73.75,5.5277662e-09,6.9952653e-09,4.470154e-09,1.7529883e-09,2.2296813e-09,1.7838419e-09,4.6295225e-09,3.8195234e-09,4.573466e-09,5.2153113e-09,4.030765e-09,5.4328377e-09
33.5,74.375,4.9542197e-09,7.25789e-09,4.3556825e-09,1.8867106e-09,2.4233524e-09,1.768316e-09,4.480615e-09,3.796449e-09,5.0546944e-09,5.0594795e-09,3.5124403e-09,4.3865738e-09
33.5,75.0,4.8747473e-09,7.248795e-09,4.5972013e-09,1.9809228e-09,2.335256e-09,1.8287785e-09,5.0361693e-09,3.651531e-09,3.809536e-09,4.064925e-09,2.2887001e-09,2.7770397e-09
33.5,75.625,3.6813523e-09,5.668079e-09,3.5013112e-09,1.7958652e-09,1.9180548e-09,2.0597826e-09,4.266722e-09,3.1816083e-09,2.5774736e-09,2.8983733e-09,1.5835775e-09,1.9236586e-09
33.5,76.25,1.8501858e-09,2.602684e-09,1.6041218e-09,1.1432024e-09,1.3006949e-09,1.5339582e-09,2.0922195e-09,1.9792161e-09,1.3059356e-09,2.007582e-09,1.0776199e-09,1.2081393e-09
33.5,76.875,1.2735338e-09,1.6069406e-09,1.0109076e-09,7.9832957e-10,8.666559e-10,1.0970407e-09,1.2726382e-09,1.0711149e-09,9.012427e-10,1.4344169e-09,7.419443e-10,8.4883567e-10
33.5,77.5,1.0032634e-09,1.1763557e-09,7.610826e-10,7.0358297e-10,7.788246e-10,9.657589e-10,1.3683753e-09,9.017435e-10,8.450113e-10,1.1629658e-09,5.9200606e-10,6.938292e-10
33.5,78.125,7.4219275e-10,8.8868335e-10,6.3093636e-10,6.1915534e-10,6.3668304e-10,9.72834e-10,1.1552198e-09,8.0443857e-10,7.7278606e-10,8.621027e-10,4.8269e-10,5.9817823e-10
33.5,78.75,6.4518346e-10,7.481527e-10,5.819071e-10,5.4356114e-10,6.118993e-10,8.6392205e-10,1.0817378e-09,7.932569e-10,7.245184e-10,7.1380746e-10,3.8927636e-10,5.11624e-10
33.5,79.375,6.1726235e-10,6.4689276e-10,5.235422e-10,4.8210963e-10,6.439333e-10,8.0060986e-10,1.0353389e-09,7.7856194e-10,6.7127126e-10,6.646067e-10,3.6019338e-10,4.5147086e-10
33.5,80.0,5.999902e-10,6.099324e-10,4.966424e-10,4.4394685e-10,7.3320683e-10,7.545553e-10,9.711205e-10,7.5841006e-10,6.45957e-10,6.31511e-10,3.512718e-10,4.0511872e-10
33.5,80.625,5.559508e-10,5.864743e-10,4.5278176e-10,4.212891e-10,7.349048e-10,6.90849e-10,9.311064e-10,7.5294576e-10,6.4052275e-10,5.880074e-10,3.1853473e-10,3.5472839e-10
33.5,81.25,5.0885324e-10,5.394851e-10,4.1739123e-10,4.1857195e-10,6.774709e-10,6.563185e-10,9.1264146e-10,7.8092005e-10,6.247885e-10,5.315821e-10,2.8139419e-10,3.123599e-10
34.0,72.5,6.096241e-09,5.7253184e-09,5.090041e-09,1.5213968e-09,1.7185233e-09,1.7583002e-09,4.79043e-09,4.3842903e-09,3.980718e-09,5.4482223e-09,3.7209231e-09,7.797737e-09
34.0,73.125,4.6118354e-09,6.8939197e-09,4.5693076e-09,1.4312905e-09,1.801016e-09,1.6865107e-09,4.7241686e-09,4.0098427e-09,4.016491e-09,5.1079394e-09,4.440157e-09,5.108933e-09
34.0,73.75,3.812067e-09,5.9196497e-09,4.5282005e-09,1.7501537e-09,1.9781694e-09,1.6092946e-09,4.6420796e-09,3.9265067e-09,4.542384e-09,4.534613e-09,3.5236878e-09,3.681136e-09
34.0,74.375,3.536325e-09,5.0668727e-09,3.8906376e-09,2.1052697e-09,2.3579128e-09,1.7419823e-09,3.7935797e-09,4.275738e-09,4.221734e-09,4.5707216e-09,2.867207e-09,2.9278544e-09
34.0,75.0,3.2425105e-09,3.9335446e-09,3.711797e-09,1.804208e-09,2.630299e-09,1.9097386e-09,4.1385273e-09,3.908199e-09,2.8934017e-09,3.3965197e-09,2.3424322e-09,2.0654334e-09
34.0,75.625,2.1447377e-09,2.6819957e-09,2.2837912e-09,1.3434012e-09,1.825862e-09,1.6515141e-09,3.0093605e-09,2.9579166e-09,1.8169618e-09,2.3489688e-09,1.612091e-09,1.486397e-09
34.0,76.25,1.3126337e-09,1.8708768e-09,1.1211655e-09,1.0400107e-09,1.1005437e-09,1.2778671e-09,1.6639556e-09,1.7615607e-09,1.1241428e-09,1.8442727e-09,1.0924351e-09,1.1643662e-09
34.0,76.875,1.0283314e-09,1.4618066e-09,9.2579877e-10,7.9256757e-10,8.972386e-10,1.0767741e-09,1.6723593e-09,1.3136676e-09,1.0530847e-09,1.4735912e-09,8.464206e-10,9.1634184e-10
34.0,77.5,8.241747e-10,1.1396006e-09,7.4408824e-10,6.460631e-10,8.1680335e-10,1.0334026e-09,1.5163882e-09,1.0334406e-09,9.071904e-10,1.0538044e-09,5.7999927e-10,7.008338e-10
34.0,78.125,6.462706e-10,8.793496e-10,5.717509e-10,5.275105e-10,6.856289e-10,9.551444e-10,1.2326259e-09,8.276967e-10,7.596798e-10,8.543904e-10,4.530099e-10,5.6195615e-10
34.0,78.75,5.71833e-10,7.3153616e-10,4.9240667e-10,4.735111e-10,6.0719413e-10,8.83677e-10,1.1027369e-09,8.377415e-10,7.546151e-10,7.467106e-10,3.9828368e-10,4.762491e-10
34.0,79.375,5.4485394e-10,6.300519e-10,4.589708e-10,4.427039e-10,6.4726324e-10,8.7261154e-10,1.0484092e-09,8.985602e-10,7.874668e-10,6.649368e-10,3.7769926e-10,4.396685e-10
34.0,80.0,5.131454e-10,5.5744054e-10,4.7180093e-10,4.1670561e-10,6.8759276e-10,8.017467e-10,9.703467e-10,8.686203e-10,7.5960593e-10,5.9289595e-10,3.6560485e-10,4.0004863e-10
34.0,80.625,4.5731552e-10,5.292472e-10,4.6387127e-10,4.1255604e-10,7.0182193e-10,7.424552e-10,9.506825e-10,8.326329e-10,6.995679e-10,5.3042876e-10,3.3066036e-10,3.6072584e-10
34.0,81.25,4.2274967e-10,5.1269966e-10,4.5292342e-10,4.2823345e-10,6.555991e-10,7.2800943e-10,9.901796e-10,8.585388e-10,7.2499967e-10,4.971717e-10,3.0064515e-10,3.334607e-10
34.5,72.5,4.6033675e-09,6.521317e-09,8.748296e-09,1.5714313e-09,1.5572054e-09,1.6268176e-09,4.3850594e-09,3.888234e-09,3.3332181e-09,4.3695985e-09,3.118435e-09,4.24393e-09
34.5,73.125,3.856746e-09,5.179804e-09,3.9203574e-09,1.4452882e-09,1.5658382e-09,1.6852905e-09,4.1470063e-09,3.8718047e-09,3.0013436e-09,4.269532e-09,3.332224e-09,3.5016723e-09
34.5,73.75,3.1652163e-09,3.9596384e-09,3.6890744e-09,1.6007067e-09,1.5946267e-09,1.6716405e-09,3.26974e-09,3.5016625e-09,2.9258176e-09,3.2536924e-09,2.5994138e-09,2.4775408e-09
34.5,74.375,3.0147664e-09,4.3189643e-09,4.014688e-09,2.1209585e-09,1.8855477e-09,1.5965806e-09,3.312941e-09,3.4098768e-09,3.0841227e-09,3.2798038e-09,2.7294167e-09,2.315603e-09
34.5,75.0,2.385265e-09,3.354155e-09,3.1682712e-09,1.84847e-09,1.9170279e-09,1.7699568e-09,3.071705e-09,3.1680392e-09,2.46888e-09,2.804061e-09,2.4121545e-09,1.8278682e-09
34.5,75.625,1.5766569e-09,2.4914206e-09,1.7964836e-09,1.3628151e-09,1.5447622e-09,1.5707321e-09,2.5411688e-09,2.4818108e-09,1.7554042e-09,2.3651674e-09,1.7479838e-09,1.4609128e-09
34.5,76.25,1.1191068e-09,1.9446327e-09,1.1309096e-09,9.493549e-10,1.1657797e-09,1.2206676e-09,2.0416582e-09,1.7356951e-09,1.464722e-09,1.8285142e-09,1.1915193e-09,1.1892123e-09
34.5,76.875,7.932824e-10,1.3502383e-09,8.806149e-10,6.89825e-10,9.065151e-10,9.499034e-10,1.4221823e-09,1.23383e-09,9.749629e-10,1.2840239e-09,9.812591e-10,9.057103e-10
34.5,77.5,6.6914274e-10,1.0725592e-09,7.0243417e-10,5.830029e-10,8.079981e-10,9.356547e-10,1.2493562e-09,1.0112459e-09,7.213011e-10,9.3082825e-10,7.125041e-10,6.906991e-10
34.5,78.125,5.8340066e-10,8.4552854e-10,5.2760146e-10,4.5931733e-10,6.0938354e-10,8.4569807e-10,1.2451609e-09,8.44394e-10,6.2676475e-10,7.908724e-10,5.213144e-10,5.192704e-10
34.5,78.75,5.333505e-10,7.34185e-10,4.549552e-10,4.4020468e-10,5.99865e-10,8.714102e-10,1.2003682e-09,9.98216e-10,6.7438627e-10,7.2879575e-10,4.392249e-10,4.5265722e-10
34.5,79.375,4.838435e-10,6.4255185e-10,4.4120588e-10,4.418929e-10,6.7190764e-10,9.441072e-10,1.0780559e-09,1.1174551e-09,8.0523416e-10,6.47561e-10,3.9619324e-10,4.0923528e-10
34.5,80.0,4.377889e-10,5.378057e-10,4.5670168e-10,4.400796e-10,6.733452e-10,9.0925656e-10,9.4154e-10,9.865392e-10,8.4426094e-10,5.723718e-10,3.734507e-10,3.8409215e-10
34.5,80.625,4.0250792e-10,4.873475e-10,4.898345e-10,4.433955e-10,6.818222e-10,8.203686e-10,8.601402e-10,8.9318397e-10,8.2494933e-10,5.198522e-10,3.657214e-10,3.6917167e-10
34.5,81.25,3.8370193e-10,4.788119e-10,5.0199944e-10,4.526117e-10,6.4306965e-10,7.8154455e-10,8.8786506e-10,9.2708463e-10,8.6494817e-10,5.0425325e-10,3.5013492e-10,3.5346912e-10
35.0,72.5,3.3066134e-09,3.7521857e-09,5.4801412e-09,1.1036915e-09,1.3663618e-09,1.3601158e-09,3.4705037e-09,3.3541556e-09,2.5889864e-09,2.973075e-09,2.1907105e-09,2.4614946e-09
35.0,73.125,3.246574e-09,3.2688259e-09,3.1496377e-09,1.1881921e-09,1.4286402e-09,1.4891163e-09,2.9249387e-09,3.5241356e-09,2.5295357e-09,3.3068355e-09,1.9393518e-09,2.4633777e-09
35.0,73.75,2.3741449e-09,2.7492781e-09,1.9779223e-09,1.1522936e-09,1.3404156e-09,1.435873e-09,2.403373e-09,2.0996838e-09,1.9186812e-09,2.2768072e-09,1.9492785e-09,2.1282325e-09
35.0,74.375,2.2146414e-09,2.916581e-09,2.3070348e-09,1.4437752e-09,1.4862758e-09,1.4082091e-09,2.1443376e-09,2.017822e-09,1.9619504e-09,2.3090538e-09,2.1400446e-09,2.2159659e-09
35.0,75.0,2.0020092e-09,2.8768463e-09,2.1694773e-09,1.5113317e-09,1.3656614e-09,1.4073299e-09,1.961553e-09,1.778588e-09,1.6805868e-09,2.1083966e-09,2.233202e-09,2.1076443e-09
35.0,75.625,1.6088316e-09,2.6026612e-09,1.7205133e-09,1.4468334e-09,1.4456383e-09,1.3976931e-09,1.9319393e-09,1.7446874e-09,1.6170473e-09,2.1779858e-09,1.9517306e-09,1.7227024e-09
35.0,76.25,1.1599712e-09,1.7786569e-09,1.2013601e-09,9.87243e-10,1.2391536e-09,1.3088658e-09,1.6380185e-09,1.3357375e-09,1.3398408e-09,1.582362e-09,1.467047e-09,1.178478e-09
35.0,76.875,8.0821316e-10,1.2100753e-09,7.9378704e-10,6.592072e-10,8.379839e-10,9.422144e-10,1.0910235e-09,9.546262e-10,7.921507e-10,1.1193394e-09,1.0987815e-09,8.8674107e-10
35.0,77.5,6.5868494e-10,1.0061846e-09,6.225372e-10,5.3904403e-10,6.897748e-10,8.3419294e-10,9.829954e-10,8.8676616e-10,5.605668e-10,8.6582325e-10,8.713289e-10,7.392049e-10
35.0,78.125,5.6205546e-10,8.492279e-10,5.1865834e-10,4.653541e-10,5.7935184e-10,7.845194e-10,1.0720854e-09,9.0524943e-10,5.268757e-10,7.6281564e-10,6.2127e-10,5.7587174e-10
35.0,78.75,4.982923e-10,7.445183e-10,4.7258986e-10,4.5265716e-10,6.164798e-10,8.2471524e-10,1.1682059e-09,1.1200185e-09,5.873552e-10,7.1116146e-10,5.0937204e-10,4.94108e-10
35.0,79.375,4.5270754e-10,6.783678e-10,4.7359766e-10,4.5399298e-10,7.113643e-10,1.0215829e-09,1.1886842e-09,1.3068794e-09,7.899992e-10,6.645618e-10,4.6118967e-10,4.418322e-10
35.0,80.0,4.0341466e-10,5.9771055e-10,4.6883203e-10,4.6427218e-10,7.1126527e-10,1.0173046e-09,1.0335126e-09,1.1442375e-09,9.195027e-10,6.11327e-10,4.2453255e-10,4.0679193e-10
35.0,80.625,3.6783343e-10,5.134031e-10,4.580792e-10,4.8808957e-10,6.878238e-10,8.687158e-10,9.585159e-10,9.560052e-10,9.485648e-10,5.454702e-10,3.976731e-10,3.817304e-10
35.0,81.25,3.7680095e-10,4.8861026e-10,4.82355e-10,5.0427856e-10,6.5903716e-10,8.2091434e-10,9.708785e-10,9.946807e-10,1.0221998e-09,5.327923e-10,3.994144e-10,3.922015e-10
35.5,72.5,2.1724056e-09,1.9529292e-09,2.0452382e-09,7.844257e-10,1.0939755e-09,8.87171e-10,1.7673721e-09,1.9823974e-09,1.6006005e-09,1.8030979e-09,1.4964696e-09,1.8170184e-09
35.5,73.125,2.554265e-09,2.3029567e-09,2.4124118e-09,8.4339885e-10,1.0820641e-09,1.0294614e-09,2.0635447e-09,2.1638435e-09,1.3439222e-09,1.7022613e-09,1.4423996e-09,2.0690898e-09
35.5,73.75,2.4504836e-09,2.507386e-09,1.891524e-09,9.958235e-10,1.1749132e-09,1.1752269e-09,2.2929354e-09,1.9195965e-09,1.6897689e-09,2.147281e-09,1.5759727e-09,1.8480678e-09
35.5,74.375,1.9273592e-09,2.3631894e-09,1.649107e-09,1.1591905e-09,1.3100282e-09,1.2298971e-09,2.1431987e-09,1.983793e-09,1.7637639e-09,2.315369e-09,1.8217751e-09,1.6758396e-09
35.5,75.0,1.603669e-09,2.176066e-09,1.4070017e-09,1.1462644e-09,1.286264e-09,1.1896121e-09,1.6307866e-09,1.4355032e-09,1.4284635e-09,1.7935536e-09,1.8808715e-09,1.5670046e-09
35.5,75.625,1.3158395e-09,2.1337512e-09,1.3931172e-09,1.08119e-09,1.307604e-09,1.093289e-09,1.327162e-09,1.2365292e-09,1.1790497e-09,1.4697772e-09,1.8591373e-09,1.3379257e-09
35.5,76.25,1.0375626e-09,1.6111885e-09,9.944908e-10,8.2378027e-10,1.0321262e-09,9.1724117e-10,1.1903895e-09,1.1044141e-09,8.465385e-10,1.2239569e-09,1.4902741e-09,9.82515e-10
35.5,76.875,7.970471e-10,1.1445183e-09,6.965323e-10,6.016457e-10,6.9947115e-10,7.9600176e-10,9.006604e-10,9.2188807e-10,6.1223937e-10,9.818406e-10,1.0690758e-09,8.1745993e-10
35.5,77.5,6.525296e-10,9.547552e-10,5.968037e-10,5.1681825e-10,6.3337513e-10,7.6193735e-10,9.891491e-10,1.0025067e-09,5.253618e-10,8.48475e-10,9.120061e-10,7.6132617e-10
35.5,78.125,5.760903e-10,8.4498497e-10,5.5255295e-10,5.067967e-10,6.4551026e-10,7.3392875e-10,1.0689866e-09,1.043643e-09,5.8682087e-10,8.050503e-10,7.61281e-10,6.662803e-10
35.5,78.75,5.123491e-10,7.3448087e-10,5.175544e-10,4.763495e-10,7.2211687e-10,7.8905166e-10,1.1214438e-09,1.2088116e-09,7.0703715e-10,7.36928e-10,6.3211214e-10,5.7393174e-10
35.5,79.375,4.5282994e-10,6.7790645e-10,5.059718e-10,4.946133e-10,7.608804e-10,1.0465031e-09,1.327008e-09,1.515238e-09,9.618473e-10,6.861311e-10,5.683682e-10,5.050375e-10
35.5,80.0,3.930128e-10,6.207966e-10,4.825998e-10,5.882022e-10,7.5195783e-10,1.049603e-09,1.2497376e-09,1.449846e-09,1.1514428e-09,6.7358524e-10,5.020011e-10,4.5381243e-10
35.5,80.625,3.637366e-10,5.5256316e-10,4.401341e-10,5.745389e-10,7.4411527e-10,8.3132423e-10,1.0392996e-09,1.1652036e-09,1.115332e-09,6.048129e-10,4.561375e-10,4.224092e-10
35.5,81.25,3.653832e-10,5.0999555e-10,4.6639803e-10,5.140973e-10,7.4265016e-10,7.700717e-10,9.66265e-10,1.1678037e-09,1.1120995e-09,5.8076083e-10,4.665886e-10,4.3294723e-10
36.0,72.5,1.7491001e-09,1.2768315e-09,1.2633684e-09,6.3598476e-10,9.25543e-10,8.0684937e-10,1.0766109e-09,1.0441125e-09,9.590544e-10,1.3732112e-09,1.0871932e-09,1.3776683e-09
36.0,73.125,1.9312392e-09,1.538833e-09,1.2012672e-09,6.02036e-10,9.321185e-10,7.9196966e-10,1.0158068e-09,9.925041e-10,7.644604e-10,1.1393813e-09,1.0151239e-09,1.6630406e-09
36.0,73.75,2.0737658e-09,1.8176063e-09,1.4017336e-09,8.3507884e-10,1.0759287e-09,8.6089796e-10,1.3861031e-09,1.3319015e-09,9.2390995e-10,1.4185503e-09,1.1271977e-09,1.5262186e-09
36.0,74.375,1.5329943e-09,1.7604573e-09,1.2715786e-09,8.8826724e-10,1.2636293e-09,9.90861e-10,1.6320701e-09,1.5364534e-09,1.3206126e-09,1.8000686e-09,1.3401076e-09,1.2077652e-09
36.0,75.0,1.2379365e-09,1.7181491e-09,1.0853669e-09,9.1716645e-10,1.0844258e-09,1.1034224e-09,1.3339025e-09,1.2009709e-09,1.1709174e-09,1.4448138e-09,1.4790367e-09,1.1545249e-09
36.0,75.625,1.0802255e-09,1.644279e-09,9.486512e-10,8.5090596e-10,9.059668e-10,1.0205825e-09,1.0552158e-09,1.0139231e-09,8.405282e-10,1.2553584e-09,1.4515988e-09,1.0643713e-09
36.0,76.25,9.2592944e-10,1.4374e-09,7.750349e-10,6.8012557e-10,7.9057466e-10,8.0300483e-10,9.303033e-10,9.565295e-10,6.8684824e-10,1.0490021e-09,1.2677986e-09,9.284357e-10
36.0,76.875,7.917414e-10,1.1072514e-09,6.520523e-10,5.6195193e-10,6.3722577e-10,7.800439e-10,9.811066e-10,9.829269e-10,5.5742433e-10,8.892171e-10,1.0146539e-09,7.628316e-10
36.0,77.5,6.899917e-10,9.506985e-10,6.186275e-10,5.4113775e-10,6.5933603e-10,8.351555e-10,1.1349579e-09,1.1381425e-09,6.902532e-10,8.3852925e-10,9.558369e-10,6.7402384e-10
36.0,78.125,5.8362115e-10,8.8017205e-10,6.027251e-10,5.5834426e-10,7.7822315e-10,7.7864554e-10,1.2606369e-09,1.1378161e-09,8.88019e-10,8.1199253e-10,9.189021e-10,6.0479316e-10
36.0,78.75,5.187151e-10,7.6269346e-10,5.5874433e-10,5.455242e-10,8.805743e-10,7.2077516e-10,1.1740808e-09,1.1142498e-09,8.470349e-10,7.483059e-10,8.01354e-10,5.3795995e-10
36.0,79.375,4.6031676e-10,6.7226014e-10,5.335214e-10,5.5230936e-10,9.0434954e-10,8.192659e-10,1.2748808e-09,1.3129414e-09,1.0907529e-09,7.187033e-10,6.897571e-10,5.0410326e-10
36.0,80.0,4.5178108e-10,6.232099e-10,5.638955e-10,6.202107e-10,1.0046397e-09,9.868403e-10,1.3374746e-09,1.4989918e-09,1.403119e-09,7.503156e-10,6.4817773e-10,4.948222e-10
36.0,80.625,4.533571e-10,6.045018e-10,5.7413513e-10,6.4490163e-10,1.046458e-09,9.355144e-10,1.1388637e-09,1.3811682e-09,1.2909517e-09,7.76977e-10,6.2430494e-10,4.837451e-10
36.0,81.25,4.2535897e-10,5.7036326e-10,5.622599e-10,5.9834687e-10,9.0578345e-10,8.4199187e-10,1.0764312e-09,1.3059369e-09,1.1314983e-09,7.755247e-10,6.0004984e-10,4.4470283e-10
36.5,72.5,1.5609098e-09,1.0581245e-09,9.739195e-10,5.0703075e-10,8.1192947e-10,8.0930307e-10,1.0048782e-09,9.243305e-10,9.24414e-10,1.149593e-09,7.7457907e-10,1.1165315e-09
36.5,73.125,1.6737147e-09,1.1926992e-09,9.820023e-10,4.7614296e-10,7.5338624e-10,7.8713414e-10,8.522408e-10,8.207435e-10,8.553568e-10,9.711486e-10,7.2287143e-10,1.3039975e-09
36.5,73.75,1.7717623e-09,1.4500385e-09,1.102023e-09,5.680038e-10,8.079064e-10,8.5979524e-10,9.169359e-10,1.0918719e-09,7.991197e-10,1.1450253e-09,8.8753543e-10,1.2733001e-09
36.5,74.375,1.5074111e-09,1.5015209e-09,1.1369404e-09,6.507565e-10,9.619814e-10,9.282337e-10,1.13165e-09,1.3230449e-09,8.0392865e-10,1.2469565e-09,1.0631002e-09,1.1909286e-09
36.5,75.0,1.2120747e-09,1.427463e-09,1.0433157e-09,6.5523387e-10,9.565868e-10,9.597866e-10,1.4377683e-09,1.3976235e-09,8.125461e-10,1.1550902e-09,1.067227e-09,1.0178367e-09
36.5,75.625,9.978062e-10,1.2649187e-09,8.512161e-10,6.4651784e-10,9.019254e-10,9.417445e-10,1.5686439e-09,1.2986279e-09,7.1851575e-10,9.922907e-10,1.1130286e-09,8.7895813e-10
36.5,76.25,8.5826657e-10,1.2232799e-09,7.648984e-10,6.4874045e-10,8.895592e-10,1.0217004e-09,1.3645614e-09,1.1994417e-09,8.093951e-10,9.175966e-10,1.1841761e-09,8.4899887e-10
36.5,76.875,7.7177376e-10,1.1304769e-09,6.922324e-10,6.024301e-10,8.5506446e-10,9.290627e-10,1.1840083e-09,1.1947475e-09,8.3304e-10,8.7981955e-10,1.0829814e-09,7.470236e-10
36.5,77.5,6.974739e-10,9.860541e-10,6.2651223e-10,5.9166966e-10,8.605911e-10,8.7470337e-10,1.1801686e-09,1.2744016e-09,8.592676e-10,8.2095547e-10,1.0185467e-09,6.6257266e-10
36.5,78.125,6.290858e-10,9.330506e-10,6.310313e-10,5.881264e-10,9.873445e-10,8.628155e-10,1.2580698e-09,1.2962882e-09,9.470452e-10,8.3992646e-10,9.995875e-10,6.2057176e-10
36.5,78.75,5.938786e-10,8.2491924e-10,6.639078e-10,6.3774125e-10,1.0707174e-09,9.1920416e-10,1.3019895e-09,1.2884107e-09,1.0384078e-09,8.8764196e-10,9.264111e-10,6.2170774e-10
36.5,79.375,6.1656924e-10,7.960418e-10,7.323464e-10,7.0464784e-10,1.174253e-09,1.1348681e-09,1.3870713e-09,1.3945759e-09,1.2636971e-09,9.737432e-10,9.1377533e-10,6.585129e-10
36.5,80.0,6.7526096e-10,7.97875e-10,7.6175327e-10,7.3717743e-10,1.2244843e-09,1.3095972e-09,1.3693215e-09,1.4400213e-09,1.2588807e-09,1.0056196e-09,8.993769e-10,6.5687544e-10
36.5,80.625,8.3209384e-10,8.444551e-10,8.024224e-10,7.8665774e-10,1.2369459e-09,1.26532e-09,1.3108644e-09,1.4339556e-09,1.2583425e-09,1.0510502e-09,9.150846e-10,7.1967826e-10
36.5,81.25,9.665514e-10,8.5404644e-10,8.37592e-10,8.2250695e-10,1.1160051e-09,1.0848383e-09,1.2671794e-09,1.4101987e-09,1.2480121e-09,1.0775356e-09,9.6595e-10,7.5996376e-10
37.0,72.5,1.2456269e-09,8.271006e-10,7.5057355e-10,5.1356963e-10,7.733566e-10,7.339401e-10,1.0148533e-09,9.468881e-10,1.034243e-09,9.895017e-10,5.6780936e-10,9.8323e-10
37.0,73.125,1.2664719e-09,8.9284e-10,8.3526075e-10,4.7898513e-10,7.162455e-10,6.898069e-10,8.652671e-10,8.8537994e-10,9.523166e-10,8.8625385e-10,5.7199145e-10,1.0451517e-09
37.0,73.75,1.4370737e-09,1.0732772e-09,8.803236e-10,4.735263e-10,6.992236e-10,8.634256e-10,8.9936214e-10,1.2054268e-09,9.1698266e-10,9.3074026e-10,6.674676e-10,1.150202e-09
37.0,74.375,1.3877043e-09,1.2221629e-09,9.310545e-10,5.1125515e-10,7.8412754e-10,9.697455e-10,1.0043721e-09,1.4043346e-09,7.9885065e-10,8.994874e-10,7.9651113e-10,1.083908e-09
37.0,75.0,1.2098981e-09,1.2574225e-09,9.678698e-10,5.6086996e-10,8.993216e-10,1.0137594e-09,1.1713084e-09,1.5290674e-09,8.844113e-10,9.429121e-10,8.6759006e-10,9.768195e-10
37.0,75.625,1.047898e-09,1.1837676e-09,8.5650803e-10,5.7570043e-10,9.484636e-10,9.488461e-10,1.1588578e-09,1.4338236e-09,9.184833e-10,8.4961554e-10,9.0785884e-10,8.756676e-10
37.0,76.25,9.158663e-10,1.1209171e-09,8.081654e-10,6.297585e-10,1.0035834e-09,9.256521e-10,1.1574972e-09,1.366939e-09,9.2282615e-10,8.865234e-10,1.022604e-09,8.324446e-10
37.0,76.875,9.699034e-10,1.1608577e-09,8.830484e-10,7.2468703e-10,1.037044e-09,9.0055574e-10,1.2992097e-09,1.6267502e-09,1.0576473e-09,9.713155e-10,1.1530416e-09,8.494298e-10
37.0,77.5,9.350859e-10,1.0668966e-09,8.528022e-10,7.353812e-10,1.0502464e-09,8.9562174e-10,1.3304516e-09,1.6476245e-09,1.0321929e-09,9.905249e-10,1.1092077e-09,8.252732e-10
37.0,78.125,9.345266e-10,1.0074891e-09,8.81157e-10,7.5727347e-10,1.1699146e-09,9.727507e-10,1.3217271e-09,1.6407042e-09,1.0527058e-09,1.048098e-09,1.0497401e-09,8.373405e-10
37.0,78.75,1.1268425e-09,1.0298205e-09,9.2239505e-10,8.188842e-10,1.2062358e-09,1.1173944e-09,1.3366823e-09,1.4343443e-09,1.1161279e-09,1.1653202e-09,1.0636392e-09,9.263096e-10
37.0,79.375,1.388909e-09,1.0561958e-09,1.0028266e-09,8.900597e-10,1.2382808e-09,1.1114883e-09,1.421368e-09,1.3813736e-09,1.1956631e-09,1.247017e-09,1.1598126e-09,1.0971662e-09
37.0,80.0,1.4375267e-09,1.0135206e-09,1.0331224e-09,9.348371e-10,1.2032065e-09,1.1837913e-09,1.4671655e-09,1.4594361e-09,1.3020968e-09,1.2743973e-09,1.1790863e-09,1.1301867e-09
37.0,80.625,1.4617676e-09,9.799445e-10,9.894079e-10,9.164275e-10,1.036527e-09,1.2244874e-09,1.4236198e-09,1.4509866e-09,1.3054089e-09,1.2128449e-09,1.1895682e-09,1.0982224e-09
37.0,81.25,1.4067248e-09,9.5026e-10,9.367599e-10,8.8586843e-10,9.74564e-10,1.1151965e-09,1.3506108e-09,1.3946566e-09,1.2691276e-09,1.1254528e-09,1.1823907e-09,1.024766e-09
