lat,lon,2013-01,2013-02,2013-03,2013-04,2013-05,2013-06,2013-07,2013-08,2013-09,2013-10,2013-11,2013-12
29.0,72.5,3.4654214e-08,2.350927e-08,2.6711684e-08,5.1841926e-08,1.3924775e-07,1.7339771e-07,1.11642294e-07,8.475141e-08,6.40436e-08,2.365361e-08,1.9203314e-08,2.7646175e-08
29.0,73.125,3.1724465e-08,1.9990434e-08,2.4485534e-08,5.6206286e-08,1.15177706e-07,1.428929e-07,8.276942e-08,5.9639056e-08,4.5789694e-08,2.1908994e-08,1.7360799e-08,2.5146061e-08
29.0,73.75,3.0015322e-08,1.8840833e-08,2.49776e-08,5.1064003e-08,9.52904e-08,1.1627162e-07,6.017158e-08,4.5753186e-08,3.363096e-08,2.074044e-08,1.6737976e-08,2.3673737e-08
29.0,74.375,3.072754e-08,1.8527382e-08,2.416234e-08,4.321749e-08,8.544016e-08,8.979344e-08,4.5981558e-08,3.722861e-08,2.7630024e-08,1.9946672e-08,1.6338648e-08,2.2708322e-08
29.0,75.0,3.220562e-08,1.8629569e-08,2.3307415e-08,3.8644917e-08,7.999751e-08,7.153582e-08,3.8461007e-08,3.1642024e-08,2.536902e-08,2.0134229e-08,1.6806068e-08,2.1980023e-08
29.0,75.625,3.303144e-08,1.8474566e-08,2.2920558e-08,3.6217536e-08,7.472925e-08,5.8984156e-08,3.271082e-08,2.7474309e-08,2.4153657e-08,1.9784844e-08,1.753815e-08,2.0978522e-08
29.0,76.25,3.1929133e-08,1.8224714e-08,2.2275227e-08,3.3185096e-08,6.560684e-08,4.952053e-08,2.7462166e-08,2.437126e-08,2.2716304e-08,1.983191e-08,1.827866e-08,1.9747066e-08
29.0,76.875,3.0635185e-08,1.8641783e-08,2.0258026e-08,3.202064e-08,5.6535363e-08,4.269132e-08,2.5354359e-08,2.184269e-08,2.2113705e-08,2.167146e-08,1.8205295e-08,2.0086455e-08
29.0,77.5,2.8877924e-08,1.8821734e-08,1.8679378e-08,3.1627255e-08,4.727577e-08,3.554566e-08,2.3136922e-08,1.9994522e-08,2.1616916e-08,2.263518e-08,1.7144703e-08,1.942135e-08
29.0,78.125,2.6581302e-08,1.7305865e-08,1.7402565e-08,3.029636e-08,3.812989e-08,2.8362289e-08,2.0227368e-08,1.78601e-08,2.0279595e-08,2.2171957e-08,1.5300369e-08,1.7506247e-08
29.0,78.75,2.241089e-08,1.4675281e-08,1.5806666e-08,2.7056377e-08,3.341155e-08,2.584699e-08,1.6564217e-08,1.5543778e-08,1.8878612e-08,1.7875456e-08,1.1701437e-08,1.3866919e-08
29.0,79.375,1.6756296e-08,1.2013451e-08,1.355505e-08,2.4236396e-08,3.4092555e-08,2.4186011e-08,1.4222106e-08,1.3468766e-08,1.9038522e-08,1.2599391e-08,7.689263e-09,9.510967e-09
29.0,80.0,1.3124508e-08,9.834935e-09,1.1198462e-08,2.1181904e-08,3.4124124e-08,2.2096659e-08,1.099505e-08,1.01721005e-08,1.7960508e-08,1.0067341e-08,5.6758003e-09,6.6352186e-09
29.0,80.625,9.21657e-09,8.514454e-09,9.304365e-09,1.8957264e-08,3.038475e-08,2.370504e-08,7.598139e-09,6.3901795e-09,1.47037085e-08,7.1978494e-09,4.0564148e-09,4.1001122e-09
29.0,81.25,6.830122e-09,6.307442e-09,7.9753e-09,1.8487754e-08,2.7820093e-08,1.9096857e-08,5.463085e-09,3.7570502e-09,1.03734985e-08,4.628586e-09,2.7502514e-09,2.7776226e-09
29.5,72.5,3.4106872e-08,2.0713353e-08,2.4167035e-08,4.5350923e-08,1.09293566e-07,1.5040301e-07,1.0163128e-07,6.978568e-08,5.595533e-08,2.463252e-08,1.8323286e-08,2.8531025e-08
29.5,73.125,3.4053947e-08,1.9774884e-08,2.2858242e-08,4.9774705e-08,9.625458e-08,1.311951e-07,7.8850725e-08,5.556373e-08,4.532943e-08,2.3978476e-08,1.7519051e-08,2.6342018e-08
29.5,73.75,3.162577e-08,1.8761186e-08,2.3098467e-08,4.6929564e-08,8.326489e-08,1.1000326e-07,6.228619e-08,4.5554874e-08,3.6765453e-08,2.4093996e-08,1.7569498e-08,2.3348138e-08
29.5,74.375,3.0593522e-08,1.8495355e-08,2.2625764e-08,4.002832e-08,7.5123324e-08,8.699244e-08,4.9437844e-08,3.750319e-08,3.1877274e-08,2.294174e-08,1.7427617e-08,2.1184595e-08
29.5,75.0,3.0547405e-08,1.8812509e-08,2.2145668e-08,3.532708e-08,6.8176426e-08,7.125661e-08,4.0928597e-08,3.138584e-08,2.8799949e-08,2.1701295e-08,1.7737571e-08,2.0018918e-08
29.5,75.625,3.0073412e-08,1.8478854e-08,2.1439313e-08,3.241621e-08,5.99438e-08,6.092475e-08,3.4704918e-08,2.7854918e-08,2.673164e-08,2.1034081e-08,1.8060867e-08,1.9394358e-08
29.5,76.25,2.8386328e-08,1.8304231e-08,2.0437344e-08,3.0810163e-08,5.354694e-08,5.0826625e-08,3.0269753e-08,2.5264942e-08,2.4375318e-08,2.1156312e-08,1.8007025e-08,1.9341021e-08
29.5,76.875,2.636455e-08,1.827071e-08,1.8587254e-08,3.0072503e-08,4.5860595e-08,4.038323e-08,2.7709005e-08,2.2829946e-08,2.2763667e-08,2.1439558e-08,1.6375392e-08,1.8617532e-08
29.5,77.5,2.5062857e-08,1.7491923e-08,1.7164218e-08,2.9717254e-08,3.9196756e-08,3.3148112e-08,2.4465033e-08,2.1312145e-08,2.1581172e-08,2.025465e-08,1.3726154e-08,1.6468485e-08
29.5,78.125,2.1878453e-08,1.5143607e-08,1.5206634e-08,2.6925758e-08,3.2998464e-08,2.8667879e-08,2.1029278e-08,1.8393386e-08,1.9329628e-08,1.626412e-08,1.0706936e-08,1.2744734e-08
29.5,78.75,1.5760428e-08,1.23295e-08,1.317893e-08,2.402008e-08,3.226183e-08,2.8618949e-08,1.7936665e-08,1.6059182e-08,1.882211e-08,1.226431e-08,7.3111552e-09,9.559185e-09
29.5,79.375,1.0752516e-08,9.366853e-09,1.0540222e-08,2.080323e-08,3.2415095e-08,2.600776e-08,1.3565473e-08,1.1601504e-08,1.745054e-08,9.2671755e-09,5.0900932e-09,7.0021264e-09
29.5,80.0,8.5752445e-09,7.263712e-09,8.090718e-09,1.7943709e-08,3.0942182e-08,2.1883503e-08,8.316177e-09,7.433513e-09,1.4613948e-08,6.1544423e-09,3.3732779e-09,4.8557482e-09
29.5,80.625,5.6892193e-09,5.6014002e-09,7.0097252e-09,1.621617e-08,2.8645914e-08,2.430241e-08,5.419815e-09,4.017128e-09,9.314336e-09,3.985069e-09,2.278955e-09,2.8981415e-09
29.5,81.25,3.3222924e-09,5.0589555e-09,5.819259e-09,1.44643915e-08,2.5619057e-08,1.7967787e-08,2.5981606e-09,1.6053242e-09,4.4846726e-09,2.1164455e-09,1.4496606e-09,1.8066507e-09
30.0,72.5,3.1393057e-08,1.9316369e-08,2.3114897e-08,4.0985956e-08,8.50435e-08,1.1574642e-07,8.7963514e-08,5.2393e-08,4.7217114e-08,2.660765e-08,1.7478305e-08,2.8232593e-08
30.0,73.125,3.1719186e-08,1.9299089e-08,2.1921286e-08,4.181717e-08,7.8925595e-08,1.0766938e-07,7.452623e-08,4.5522352e-08,4.2057263e-08,2.6388431e-08,1.7820154e-08,2.5755657e-08
30.0,73.75,3.055949e-08,1.8813807e-08,2.1271848e-08,3.9962956e-08,7.013742e-08,8.957795e-08,6.166069e-08,3.9767023e-08,3.638088e-08,2.7744546e-08,1.8416177e-08,2.195884e-08
30.0,74.375,2.87885e-08,1.8461444e-08,2.1397652e-08,3.564031e-08,6.0602154e-08,7.241433e-08,5.0110106e-08,3.434861e-08,3.2348574e-08,2.7283601e-08,1.8159941e-08,1.985204e-08
30.0,75.0,2.754208e-08,1.8852266e-08,2.120707e-08,3.1812547e-08,5.163841e-08,5.985591e-08,4.1544485e-08,2.9848884e-08,2.8735114e-08,2.5443354e-08,1.801042e-08,1.8774024e-08
30.0,75.625,2.6553842e-08,1.8876174e-08,2.0168015e-08,2.9820633e-08,4.623953e-08,5.1931178e-08,3.5600028e-08,2.6750586e-08,2.582395e-08,2.3890326e-08,1.7937904e-08,1.829739e-08
30.0,76.25,2.472171e-08,1.848704e-08,1.8343275e-08,2.8644536e-08,4.2541703e-08,4.2413042e-08,3.283253e-08,2.3967855e-08,2.3220052e-08,2.216941e-08,1.6815042e-08,1.7863238e-08
30.0,76.875,2.1801233e-08,1.7232521e-08,1.6468544e-08,2.840555e-08,3.8120266e-08,3.5182378e-08,2.8363436e-08,2.1855598e-08,2.1781823e-08,1.9125213e-08,1.3362781e-08,1.5433333e-08
30.0,77.5,1.831335e-08,1.4096388e-08,1.3251631e-08,2.6569584e-08,3.3891997e-08,3.2964454e-08,2.3426779e-08,1.969681e-08,1.9667807e-08,1.4390575e-08,8.168717e-09,1.1095513e-08
30.0,78.125,1.4413555e-08,1.2411452e-08,1.1485011e-08,2.2151593e-08,3.0528277e-08,3.3092967e-08,1.9355484e-08,1.6776628e-08,1.8476946e-08,1.1742746e-08,6.4604135e-09,8.946832e-09
30.0,78.75,1.036378e-08,9.63954e-09,9.8116875e-09,1.9702611e-08,2.9288076e-08,3.078385e-08,1.8599987e-08,1.3176136e-08,1.6348285e-08,9.413424e-09,4.889034e-09,7.050777e-09
30.0,79.375,5.972395e-09,6.1572467e-09,7.558165e-09,1.6519106e-08,2.80318e-08,2.5007845e-08,1.3360308e-08,8.636583e-09,1.27195765e-08,6.0086665e-09,2.7026847e-09,4.076216e-09
30.0,80.0,3.855962e-09,4.504863e-09,5.966751e-09,1.4571379e-08,2.5411282e-08,1.7823671e-08,5.908534e-09,4.9467195e-09,7.942744e-09,3.641032e-09,1.6302361e-09,2.1416546e-09
30.0,80.625,2.9476925e-09,3.950969e-09,4.8070663e-09,1.2377435e-08,2.316084e-08,1.0252264e-08,3.356259e-09,1.6895662e-09,3.5545673e-09,2.1517266e-09,1.3104947e-09,1.6531873e-09
30.0,81.25,2.1081885e-09,2.9270504e-09,3.5538872e-09,1.0090601e-08,1.9558714e-08,5.478777e-09,1.6107845e-09,6.5124955e-10,1.2380037e-09,1.3391488e-09,9.822666e-10,1.2455466e-09
30.5,72.5,2.8451458e-08,1.9779561e-08,2.2904363e-08,3.5252377e-08,6.773776e-08,8.2848665e-08,7.284431e-08,3.952538e-08,3.9804913e-08,2.9282795e-08,1.8132292e-08,2.8459146e-08
30.5,73.125,2.7427662e-08,1.9091333e-08,2.108279e-08,3.5055624e-08,6.4036996e-08,7.928781e-08,6.7379595e-08,3.714391e-08,3.7931024e-08,2.7797679e-08,1.8257076e-08,2.4286148e-08
30.5,73.75,2.6511946e-08,1.889826e-08,1.9691322e-08,3.3634265e-08,5.637236e-08,6.867898e-08,5.8448236e-08,3.515279e-08,3.472794e-08,2.8302948e-08,1.8606443e-08,2.1107905e-08
30.5,74.375,2.5612428e-08,1.880848e-08,1.9653065e-08,3.1042024e-08,4.6250094e-08,5.8829634e-08,4.968159e-08,3.1953952e-08,3.1227046e-08,2.9341942e-08,1.8455466e-08,1.9841536e-08
30.5,75.0,2.48978e-08,1.9460328e-08,1.9311331e-08,2.8494105e-08,3.974175e-08,5.10232e-08,4.2813465e-08,2.8655625e-08,2.8026959e-08,2.9241047e-08,1.8271143e-08,1.9399405e-08
30.5,75.625,2.3942007e-08,1.9341055e-08,1.7965043e-08,2.7821928e-08,3.7866783e-08,4.458046e-08,3.7239406e-08,2.5529927e-08,2.5491271e-08,2.7030271e-08,1.739348e-08,1.8257373e-08
30.5,76.25,2.435169e-08,1.8012154e-08,1.6094418e-08,2.7352598e-08,3.650782e-08,3.669599e-08,3.398619e-08,2.2287608e-08,2.281237e-08,2.0982688e-08,1.4304897e-08,1.5417813e-08
30.5,76.875,1.7716017e-08,1.5292828e-08,1.4151855e-08,2.6404754e-08,3.343514e-08,3.4375443e-08,2.8927653e-08,1.9165812e-08,2.24751e-08,1.7245641e-08,1.0025118e-08,1.1430001e-08
30.5,77.5,1.0959998e-08,1.0589637e-08,1.02850795e-08,2.2334037e-08,3.124895e-08,3.5363215e-08,2.3764201e-08,1.5256143e-08,1.8140062e-08,1.2277888e-08,5.086728e-09,6.823572e-09
30.5,78.125,7.9560545e-09,8.4954115e-09,7.915083e-09,1.7496026e-08,2.7180866e-08,3.034123e-08,1.5626938e-08,1.0947665e-08,1.3450464e-08,8.5028535e-09,3.3985998e-09,4.7578674e-09
30.5,78.75,4.6238564e-09,6.3176833e-09,6.212091e-09,1.4362225e-08,2.3277359e-08,2.4559768e-08,9.8262465e-09,7.24686e-09,9.227944e-09,5.555799e-09,1.9241648e-09,2.3452458e-09
30.5,79.375,3.113758e-09,4.218935e-09,4.9676308e-09,1.2333991e-08,2.122206e-08,1.836266e-08,5.8975744e-09,4.196049e-09,6.0838534e-09,3.4166296e-09,1.4337805e-09,1.582574e-09
30.5,80.0,2.259768e-09,3.0258442e-09,3.870688e-09,9.76288e-09,1.7157749e-08,8.384412e-09,2.6800342e-09,1.5394793e-09,1.9436905e-09,1.9486988e-09,1.1867831e-09,1.2144771e-09
30.5,80.625,2.087084e-09,2.8600786e-09,3.4664658e-09,8.66706e-09,1.5565078e-08,6.1435306e-09,2.0826598e-09,7.631275e-10,1.5289678e-09,1.3766358e-09,1.0050882e-09,1.1480573e-09
30.5,81.25,1.7565011e-09,2.5350033e-09,3.0527594e-09,8.299351e-09,1.3827282e-08,5.8703544e-09,2.0287985e-09,8.227819e-10,1.6336117e-09,1.1981603e-09,8.8492885e-10,1.0952719e-09
31.0,72.5,2.5917782e-08,2.0396069e-08,2.2430251e-08,3.1968437e-08,5.3868725e-08,5.8942774e-08,6.1177424e-08,3.276343e-08,3.528124e-08,3.1958354e-08,1.7330665e-08,2.6572796e-08
31.0,73.125,2.4526901e-08,1.9484885e-08,2.0268237e-08,3.016312e-08,5.0139036e-08,5.6468707e-08,5.8390967e-08,3.182495e-08,3.4335063e-08,2.9613881e-08,1.656863e-08,2.2337659e-08
31.0,73.75,2.2952712e-08,1.9569468e-08,1.8789692e-08,2.7984909e-08,4.3235207e-08,5.302645e-08,5.4164577e-08,3.1478514e-08,3.252759e-08,2.8727417e-08,1.6689107e-08,1.922707e-08
31.0,74.375,2.2648061e-08,1.9363013e-08,1.8344391e-08,2.684713e-08,3.6194017e-08,4.9043106e-08,4.852002e-08,2.9928522e-08,3.003676e-08,2.935491e-08,1.7038838e-08,1.8485098e-08
31.0,75.0,2.2464167e-08,2.0000048e-08,1.7888e-08,2.6035165e-08,3.2451357e-08,4.4185132e-08,4.3412616e-08,2.710639e-08,2.7753504e-08,3.0387156e-08,1.7028833e-08,1.8348615e-08
31.0,75.625,2.14115e-08,1.9380293e-08,1.658138e-08,2.5818736e-08,3.2413922e-08,4.0471786e-08,3.8692143e-08,2.4004851e-08,2.5495925e-08,2.769297e-08,1.5346147e-08,1.674902e-08
31.0,76.25,2.5394852e-08,1.6284698e-08,1.4737804e-08,2.5560333e-08,3.3004447e-08,3.675474e-08,3.5002373e-08,2.0826226e-08,2.4109431e-08,2.1301664e-08,1.1610064e-08,1.3134394e-08
31.0,76.875,1.58566e-08,1.2273631e-08,1.2084955e-08,2.2958194e-08,3.1138985e-08,3.6894804e-08,3.265174e-08,1.7780856e-08,2.276911e-08,1.9335479e-08,8.142979e-09,9.991078e-09
31.0,77.5,8.047326e-09,7.4465123e-09,7.689649e-09,1.7981726e-08,2.7888394e-08,3.5391288e-08,2.3958174e-08,9.8682005e-09,1.4127083e-08,1.13687335e-08,3.8204764e-09,4.4910187e-09
31.0,78.125,4.651574e-09,5.2522102e-09,5.5083484e-09,1.614917e-08,2.3047036e-08,2.5633941e-08,1.107609e-08,4.734192e-09,6.356023e-09,5.52044e-09,2.0178486e-09,2.4851357e-09
31.0,78.75,2.7668479e-09,3.73322e-09,4.1145025e-09,1.03203694e-08,1.6881447e-08,1.2841928e-08,3.4182552e-09,1.4898192e-09,2.5485254e-09,2.7044174e-09,1.1543895e-09,1.6328731e-09
31.0,79.375,2.2216646e-09,2.9623624e-09,3.4779388e-09,8.37872e-09,1.3304147e-08,8.226709e-09,2.2813849e-09,1.1637452e-09,1.9231499e-09,2.0355628e-09,1.0108797e-09,1.3376833e-09
31.0,80.0,2.0366226e-09,2.6335596e-09,3.2164482e-09,8.357074e-09,1.3647481e-08,7.64198e-09,3.3079075e-09,1.3321255e-09,1.7862959e-09,1.7056895e-09,9.72265e-10,1.1635792e-09
31.0,80.625,2.055744e-09,2.42465e-09,3.1872067e-09,8.145586e-09,1.4158779e-08,8.107694e-09,3.8742916e-09,1.4588698e-09,1.8974127e-09,1.4494096e-09,9.067312e-10,1.1169256e-09
31.0,81.25,1.8199603e-09,2.3491478e-09,3.0372613e-09,7.26565e-09,1.2112988e-08,7.2617183e-09,3.3468277e-09,1.5219092e-09,2.0160609e-09,1.3552177e-09,8.3044116e-10,1.0815048e-09
31.5,72.5,2.2873264e-08,2.116836e-08,2.2083235e-08,2.9733505e-08,3.9904872e-08,4.636386e-08,5.95286e-08,3.0061592e-08,3.175028e-08,3.260606e-08,1.4579685e-08,2.3186306e-08
31.5,73.125,2.1685052e-08,1.9804768e-08,1.9728994e-08,2.5635078e-08,3.72485e-08,4.5562775e-08,5.7448613e-08,2.8926014e-08,3.099152e-08,3.028547e-08,1.408013e-08,2.0979696e-08
31.5,73.75,1.9840128e-08,1.9435642e-08,1.8249393e-08,2.3578075e-08,3.3028506e-08,4.4493937e-08,5.4552547e-08,2.8075155e-08,2.9972277e-08,2.8946298e-08,1.436371e-08,1.8175752e-08
31.5,74.375,1.9802634e-08,1.9126803e-08,1.7231404e-08,2.3228464e-08,2.8946577e-08,4.264099e-08,4.9157542e-08,2.7141486e-08,2.8394425e-08,2.8615373e-08,1.4857566e-08,1.6027819e-08
31.5,75.0,1.9936182e-08,1.9239126e-08,1.6116774e-08,2.3777101e-08,2.6978372e-08,3.9836355e-08,4.241687e-08,2.5403976e-08,2.6748179e-08,2.8963035e-08,1.4663389e-08,1.6006286e-08
31.5,75.625,1.9482197e-08,1.8187425e-08,1.48069255e-08,2.3902611e-08,2.762552e-08,3.851874e-08,3.825408e-08,2.3050086e-08,2.5129763e-08,2.5799233e-08,1.2817266e-08,1.4680535e-08
31.5,76.25,1.8311004e-08,1.3238085e-08,1.2520574e-08,2.2769662e-08,2.9117679e-08,3.8125048e-08,3.6219248e-08,2.0923249e-08,2.3300405e-08,2.0209262e-08,8.788538e-09,1.0625861e-08
31.5,76.875,1.085457e-08,8.623894e-09,8.879602e-09,1.9707644e-08,2.8485433e-08,3.8259472e-08,3.4753405e-08,2.2910003e-08,1.9175543e-08,1.5487013e-08,4.8415285e-09,6.299967e-09
31.5,77.5,6.110763e-09,5.4803713e-09,6.016476e-09,1.617331e-08,2.4444107e-08,2.911432e-08,1.862073e-08,7.923257e-09,8.9101455e-09,6.717031e-09,2.508988e-09,2.7569058e-09
31.5,78.125,3.6447965e-09,3.899762e-09,4.3818233e-09,1.3888196e-08,1.8589251e-08,1.548677e-08,4.7933746e-09,2.1704458e-09,2.6912441e-09,2.969634e-09,1.4526819e-09,1.995611e-09
31.5,78.75,2.2799491e-09,2.9259013e-09,3.5326828e-09,8.428287e-09,1.4201848e-08,9.091802e-09,2.6718276e-09,1.4919285e-09,1.9814688e-09,2.5521192e-09,9.875805e-10,1.5305678e-09
31.5,79.375,2.1299487e-09,2.6711942e-09,3.3426608e-09,7.688671e-09,1.28975515e-08,8.916413e-09,3.4859757e-09,2.1991e-09,2.5912146e-09,2.316173e-09,9.50205e-10,1.363648e-09
31.5,80.0,1.9578634e-09,2.4814548e-09,3.071789e-09,7.562615e-09,1.2303945e-08,9.255363e-09,4.730137e-09,2.4615079e-09,2.585695e-09,1.8803767e-09,9.1660535e-10,1.2229385e-09
31.5,80.625,1.797145e-09,2.2754278e-09,2.9711908e-09,7.2505526e-09,1.0736042e-08,8.051168e-09,4.8335353e-09,2.2016886e-09,2.2232411e-09,1.613855e-09,8.740595e-10,1.1370316e-09
31.5,81.25,1.7058921e-09,2.169484e-09,2.9494107e-09,6.625957e-09,9.800186e-09,7.1960264e-09,4.2616595e-09,1.9288329e-09,2.2326827e-09,1.4888802e-09,8.1996776e-10,1.0936967e-09
32.0,72.5,2.0523013e-08,2.089668e-08,2.1440194e-08,2.665723e-08,2.937709e-08,4.44983e-08,6.359093e-08,2.983056e-08,3.310233e-08,3.284215e-08,1.2543144e-08,1.7536056e-08
32.0,73.125,1.9471049e-08,1.9536596e-08,1.9110772e-08,2.3344137e-08,2.7788056e-08,4.2947796e-08,5.996985e-08,2.8788385e-08,3.055126e-08,2.9707794e-08,1.2578069e-08,1.7626418e-08
32.0,73.75,1.6642403e-08,1.8131361e-08,1.7308624e-08,2.1380659e-08,2.5750554e-08,4.1910972e-08,5.5829126e-08,2.6508632e-08,2.9072059e-08,2.7984711e-08,1.2641734e-08,1.7098266e-08
32.0,74.375,1.6861739e-08,1.7564291e-08,1.5963568e-08,2.129109e-08,2.4738608e-08,3.998927e-08,5.0434473e-08,2.5259983e-08,2.7965992e-08,2.6600667e-08,1.2830606e-08,1.4589234e-08
32.0,75.0,1.7289905e-08,1.6876584e-08,1.40426275e-08,2.2059597e-08,2.3922762e-08,3.7714685e-08,4.2707406e-08,2.3966242e-08,2.6706887e-08,2.5587248e-08,1.2243375e-08,1.3330464e-08
32.0,75.625,1.5682035e-08,1.4678335e-08,1.2253739e-08,2.1992113e-08,2.4470689e-08,3.777823e-08,3.844e-08,2.2202467e-08,2.5422924e-08,2.2470985e-08,9.849403e-09,1.0705163e-08
32.0,76.25,1.2247035e-08,1.0292881e-08,1.0038057e-08,2.0082402e-08,2.5122121e-08,3.6420293e-08,3.4351938e-08,1.8786581e-08,2.3401753e-08,1.6791843e-08,6.198176e-09,6.6562835e-09
32.0,76.875,7.290957e-09,6.24861e-09,7.132111e-09,1.717649e-08,2.322741e-08,2.8491437e-08,2.4984523e-08,2.0402398e-08,1.2812635e-08,9.279025e-09,3.2032499e-09,3.267954e-09
32.0,77.5,4.1826964e-09,3.6511625e-09,4.9026863e-09,1.1336472e-08,1.7732388e-08,1.4412338e-08,8.916598e-09,5.8781446e-09,4.5829704e-09,3.1771767e-09,1.6926e-09,1.8762876e-09
32.0,78.125,2.8146183e-09,2.8457257e-09,3.5543677e-09,9.5697335e-09,1.408423e-08,9.731911e-09,4.214173e-09,2.7223317e-09,2.440036e-09,2.303801e-09,1.250248e-09,1.5823521e-09
32.0,78.75,2.1605486e-09,2.6643423e-09,3.3298324e-09,7.915317e-09,1.2531862e-08,9.459745e-09,4.2186032e-09,2.8359195e-09,2.8456175e-09,2.412789e-09,1.0022063e-09,1.4617707e-09
32.0,79.375,1.9372053e-09,2.4823643e-09,3.203541e-09,7.058846e-09,1.1471002e-08,9.753224e-09,4.894754e-09,3.5083085e-09,3.296219e-09,2.4252425e-09,9.2075536e-10,1.3355544e-09
32.0,80.0,1.8448495e-09,2.4026983e-09,3.040316e-09,6.934867e-09,1.06084705e-08,9.807476e-09,5.2971023e-09,3.779749e-09,3.1618363e-09,2.1401383e-09,8.8193275e-10,1.233559e-09
32.0,80.625,1.7218165e-09,2.2841473e-09,2.9909815e-09,6.8814265e-09,1.00758815e-08,9.218991e-09,5.519074e-09,3.744063e-09,3.0601832e-09,1.9263282e-09,8.6194185e-10,1.1694525e-09
32.0,81.25,1.6629488e-09,2.1778501e-09,3.0378298e-09,6.566294e-09,1.0301538e-08,8.8139815e-09,5.884453e-09,3.945065e-09,3.155493e-09,1.8761497e-09,8.298069e-10,1.121748e-09
32.5,72.5,1.9681817e-08,2.0415168e-08,2.0152848e-08,2.5744157e-08,2.3035096e-08,4.3129088e-08,6.508767e-08,2.9133533e-08,4.22966e-08,3.32638e-08,1.1953367e-08,1.4168343e-08
32.5,73.125,1.758024e-08,1.9044299e-08,1.800509e-08,2.221613e-08,2.197785e-08,4.322974e-08,5.9777506e-08,2.7280796e-08,3.848545e-08,2.919343e-08,1.1295257e-08,1.30335875e-08
32.5,73.75,1.3762239e-08,1.7060886e-08,1.5820925e-08,2.0173562e-08,2.185815e-08,4.1287542e-08,5.5336006e-08,2.576594e-08,3.230586e-08,2.653863e-08,1.0497176e-08,1.2943489e-08
32.5,74.375,1.4063282e-08,1.5788373e-08,1.4935605e-08,2.0956879e-08,2.271466e-08,3.954107e-08,5.0809653e-08,2.4314666e-08,2.8686433e-08,2.4645725e-08,1.0280928e-08,1.16602505e-08
32.5,75.0,1.4557108e-08,1.5431722e-08,1.29669e-08,2.0923146e-08,2.2807429e-08,3.7427526e-08,4.56307e-08,2.287561e-08,2.6760608e-08,2.311556e-08,9.678388e-09,1.0024333e-08
32.5,75.625,1.1846814e-08,1.2460727e-08,1.05266675e-08,1.930086e-08,2.2421979e-08,3.6567506e-08,4.0843002e-08,1.9444704e-08,2.3260084e-08,1.8901984e-08,7.1534485e-09,7.363592e-09
32.5,76.25,6.8413804e-09,7.782172e-09,7.77084e-09,1.5963026e-08,2.0802842e-08,2.8522239e-08,2.8013257e-08,1.2002477e-08,1.787627e-08,1.0811076e-08,4.3505755e-09,4.065735e-09
32.5,76.875,3.9577213e-09,4.0246197e-09,5.438316e-09,1.2288623e-08,1.676269e-08,1.454758e-08,1.1162816e-08,6.4493517e-09,6.009361e-09,4.7893844e-09,2.1458901e-09,2.0762665e-09
32.5,77.5,2.9441571e-09,2.8780798e-09,3.6965642e-09,7.531056e-09,1.197115e-08,8.654615e-09,5.735831e-09,3.4263892e-09,3.0445666e-09,2.5310212e-09,1.3693826e-09,1.5255893e-09
32.5,78.125,2.3587452e-09,2.4884221e-09,3.1589098e-09,7.126179e-09,1.0479389e-08,8.56738e-09,5.083078e-09,3.4728473e-09,3.3550465e-09,2.221936e-09,1.1559199e-09,1.332032e-09
32.5,78.75,1.9362263e-09,2.3748083e-09,3.0193756e-09,6.4878045e-09,9.532135e-09,9.073953e-09,5.368835e-09,4.2532897e-09,3.812784e-09,2.2306366e-09,9.971056e-10,1.2549377e-09
32.5,79.375,1.7592497e-09,2.3056523e-09,3.013178e-09,6.020673e-09,9.172445e-09,9.4903045e-09,5.9424035e-09,5.150617e-09,3.8999013e-09,2.3427265e-09,9.228183e-10,1.2426411e-09
32.5,80.0,1.7187406e-09,2.2725197e-09,3.0164033e-09,6.036464e-09,9.443657e-09,9.626334e-09,6.4913426e-09,5.62543e-09,4.033159e-09,2.4263436e-09,8.5813573e-10,1.2293893e-09
32.5,80.625,1.682722e-09,2.223128e-09,3.0348115e-09,6.2683436e-09,1.0238695e-08,9.7609325e-09,7.1899517e-09,6.3771055e-09,4.404026e-09,2.4516338e-09,8.1460644e-10,1.1873234e-09
32.5,81.25,1.624066e-09,2.12311e-09,3.0846723e-09,6.3967946e-09,1.1239932e-08,9.988643e-09,8.452448e-09,8.346085e-09,5.065967e-09,2.502646e-09,7.978424e-10,1.1331662e-09
33.0,72.5,1.8849189e-08,1.9550043e-08,1.9195825e-08,2.44782e-08,1.9119398e-08,4.083983e-08,6.265116e-08,2.9574583e-08,4.8047756e-08,3.1741717e-08,1.1429075e-08,1.2256409e-08
33.0,73.125,1.4828753e-08,1.7543764e-08,1.6720268e-08,2.0218879e-08,1.817722e-08,4.1010328e-08,5.754555e-08,2.7211929e-08,4.0664176e-08,2.6238336e-08,1.0114915e-08,1.0550549e-08
33.0,73.75,1.1575594e-08,1.8012022e-08,1.4204987e-08,1.9417412e-08,2.0040188e-08,3.8884416e-08,5.2154064e-08,2.5692984e-08,3.3935187e-08,2.3929363e-08,8.7855065e-09,9.36847e-09
33.0,74.375,1.1761996e-08,1.6995273e-08,1.3292324e-08,2.0485631e-08,2.1547542e-08,3.538074e-08,4.6534794e-08,2.4194906e-08,2.9467264e-08,2.1907915e-08,7.955835e-09,8.334404e-09
33.0,75.0,1.12645315e-08,1.3561248e-08,1.1114128e-08,1.8578408e-08,2.0696989e-08,3.101177e-08,4.192665e-08,1.9798614e-08,2.3700341e-08,1.8224737e-08,6.8177544e-09,7.2339157e-09
33.0,75.625,1.0166354e-08,1.1147092e-08,8.919708e-09,1.5618415e-08,1.940335e-08,2.773019e-08,3.579689e-08,1.5028036e-08,1.6993939e-08,1.312333e-08,4.88382e-09,5.6408327e-09
33.0,76.25,5.3049067e-09,6.0547984e-09,6.2541843e-09,1.1173794e-08,1.7394907e-08,1.7688611e-08,2.0413403e-08,7.604032e-09,8.3531635e-09,6.1140195e-09,2.8221412e-09,3.071833e-09
33.0,76.875,2.9900482e-09,3.2621383e-09,4.248899e-09,8.101309e-09,1.2999775e-08,9.804641e-09,7.808452e-09,3.6659984e-09,4.016662e-09,3.3688123e-09,1.6713685e-09,1.8109579e-09
33.0,77.5,2.5163978e-09,2.7726108e-09,3.3439242e-09,6.165692e-09,1.0298429e-08,8.69774e-09,6.672904e-09,2.7833722e-09,3.4295131e-09,2.5388214e-09,1.3080685e-09,1.4428473e-09
33.0,78.125,2.1717248e-09,2.4969284e-09,3.0556877e-09,5.686343e-09,8.77369e-09,8.785628e-09,6.220328e-09,4.061502e-09,4.7079594e-09,2.2938405e-09,1.1032901e-09,1.2835978e-09
33.0,78.75,1.8898392e-09,2.33637e-09,3.0195353e-09,5.4941514e-09,8.535747e-09,9.256292e-09,6.7485093e-09,7.0603763e-09,6.017175e-09,2.4612392e-09,9.732228e-10,1.2150336e-09
33.0,79.375,1.7001981e-09,2.2671105e-09,3.0592395e-09,5.4382707e-09,8.543492e-09,9.489107e-09,7.4260096e-09,9.092823e-09,5.7326814e-09,2.6034277e-09,9.001269e-10,1.2026343e-09
33.0,80.0,1.636401e-09,2.2372657e-09,3.162115e-09,5.709823e-09,8.9366585e-09,9.496034e-09,8.596661e-09,9.700879e-09,5.764e-09,2.8037774e-09,8.501355e-10,1.1998234e-09
33.0,80.625,1.6208347e-09,2.201568e-09,3.319223e-09,6.1716796e-09,1.03774225e-08,9.884646e-09,1.02665085e-08,1.1215093e-08,6.357976e-09,2.902484e-09,8.185675e-10,1.1826915e-09
33.0,81.25,1.600249e-09,2.1182618e-09,3.5726786e-09,6.651923e-09,1.2313297e-08,1.170932e-08,1.283743e-08,1.4024038e-08,8.246418e-09,3.0067102e-09,8.234139e-10,1.1733444e-09
33.5,72.5,1.6255663e-08,1.8556486e-08,1.8846022e-08,2.2148106e-08,1.5899317e-08,3.5759513e-08,5.725903e-08,2.8868682e-08,4.1459074e-08,2.6141754e-08,1.0193071e-08,1.028216e-08
33.5,73.125,1.3245478e-08,1.8377316e-08,1.720415e-08,1.7871349e-08,1.6112022e-08,3.4746034e-08,4.8907463e-08,2.6948783e-08,3.4578246e-08,2.3664994e-08,9.1983265e-09,8.44903e-09
33.5,73.75,1.1027396e-08,1.6139698e-08,1.4448497e-08,1.7713454e-08,1.8054951e-08,3.133173e-08,4.235552e-08,2.3929077e-08,3.1130547e-08,2.080414e-08,7.696902e-09,7.1731554e-09
33.5,74.375,1.098511e-08,1.314928e-08,1.1670357e-08,1.8368262e-08,1.9038966e-08,2.769848e-08,3.556488e-08,1.785016e-08,2.5243237e-08,1.6976504e-08,6.1962813e-09,6.213785e-09
33.5,75.0,9.225756e-09,9.3898835e-09,9.107533e-09,1.573589e-08,1.7839886e-08,2.3446045e-08,2.8294673e-08,1.36657885e-08,1.7207624e-08,1.1433683e-08,4.680222e-09,5.3361227e-09
33.5,75.625,6.9223693e-09,7.3965305e-09,7.798183e-09,1.1941544e-08,1.65308e-08,1.8189288e-08,2.0484343e-08,1.0336642e-08,1.1258423e-08,7.20637e-09,3.262041e-09,4.093137e-09
33.5,76.25,3.7222172e-09,4.5088364e-09,5.5775056e-09,8.101202e-09,1.40967575e-08,1.1304822e-08,1.0611104e-08,4.834298e-09,5.618676e-09,4.238935e-09,2.072816e-09,2.4994895e-09
33.5,76.875,2.5650317e-09,3.1304321e-09,3.9872248e-09,6.4692056e-09,1.1174389e-08,8.792358e-09,6.8373462e-09,3.1066028e-09,3.771019e-09,3.109435e-09,1.5733136e-09,1.8386316e-09
33.5,77.5,2.2887314e-09,2.7333482e-09,3.3494343e-09,5.8884324e-09,9.75392e-09,9.063934e-09,6.7241293e-09,3.0717882e-09,4.106626e-09,2.6616962e-09,1.3272488e-09,1.5005452e-09
33.5,78.125,2.044855e-09,2.5485665e-09,3.3397434e-09,5.551313e-09,8.43618e-09,8.836014e-09,6.9169124e-09,6.1478045e-09,6.4200814e-09,2.528652e-09,1.1183727e-09,1.3290431e-09
33.5,78.75,1.8985837e-09,2.4340676e-09,3.560987e-09,5.2491185e-09,8.320109e-09,9.39314e-09,7.8437905e-09,1.27049e-08,8.945596e-09,2.9877012e-09,9.834722e-10,1.2380204e-09
33.5,79.375,1.7032113e-09,2.3763553e-09,3.7639216e-09,5.569397e-09,8.64237e-09,9.76388e-09,1.0192781e-08,1.6213807e-08,9.962474e-09,3.3134946e-09,9.36139e-10,1.2065438e-09
33.5,80.0,1.6136077e-09,2.337247e-09,3.9885375e-09,6.7952746e-09,9.772872e-09,1.0392614e-08,1.32806175e-08,1.7161403e-08,1.0257059e-08,3.4843328e-09,9.517517e-10,1.2022237e-09
33.5,80.625,1.5871454e-09,2.2896205e-09,4.23438e-09,7.54153e-09,1.1710361e-08,1.1745715e-08,1.5645524e-08,1.8422318e-08,1.0788876e-08,3.423624e-09,9.58615e-10,1.2351726e-09
33.5,81.25,1.5606948e-09,2.220182e-09,4.2915973e-09,7.840117e-09,1.2965727e-08,1.427361e-08,1.7019998e-08,1.8601792e-08,1.2042814e-08,3.470705e-09,9.461597e-10,1.2353651e-09
34.0,72.5,1.2959023e-08,1.7487375e-08,1.9802517e-08,1.6280975e-08,1.36969165e-08,2.9667838e-08,4.682783e-08,2.9851847e-08,3.766933e-08,2.3754945e-08,9.001814e-09,8.3514795e-09
34.0,73.125,1.3271222e-08,1.5483993e-08,1.7549082e-08,1.4893628e-08,1.4613578e-08,2.6875902e-08,4.175326e-08,2.8224994e-08,3.4954002e-08,2.3173104e-08,8.781081e-09,7.147191e-09
34.0,73.75,1.1693839e-08,1.1556486e-08,1.4494808e-08,1.4351897e-08,1.4837023e-08,2.3488914e-08,3.392873e-08,1.91673e-08,2.9679661e-08,1.8472864e-08,6.9141e-09,5.7416623e-09
34.0,74.375,8.207876e-09,9.405653e-09,1.05256115e-08,1.43111345e-08,1.564653e-08,2.1655069e-08,2.6174964e-08,1.40137955e-08,2.2409711e-08,1.3379833e-08,5.4118874e-09,5.0632596e-09
34.0,75.0,6.992089e-09,7.1103323e-09,8.5354905e-09,1.4617649e-08,1.6191368e-08,1.887247e-08,1.9348532e-08,1.0499112e-08,1.4453462e-08,8.104581e-09,4.1202886e-09,4.247399e-09
34.0,75.625,4.4950053e-09,5.3327573e-09,6.7257133e-09,1.0776967e-08,1.4098488e-08,1.3559702e-08,1.0852501e-08,5.9965295e-09,7.966438e-09,4.635944e-09,2.6959228e-09,3.0490663e-09
34.0,76.25,3.032996e-09,3.8486894e-09,5.1487374e-09,7.118433e-09,1.12358975e-08,9.482278e-09,6.550621e-09,3.7725196e-09,4.8945745e-09,3.4101393e-09,2.0130781e-09,2.3042268e-09
34.0,76.875,2.6778972e-09,3.1548015e-09,4.7258224e-09,6.7190284e-09,1.007946e-08,8.820674e-09,6.456327e-09,3.5720102e-09,4.728493e-09,3.055727e-09,1.8258035e-09,1.9364939e-09
34.0,77.5,2.2946394e-09,2.7108789e-09,4.0172528e-09,6.4960357e-09,9.574661e-09,9.2852135e-09,6.9627686e-09,4.4612345e-09,5.7567076e-09,2.647475e-09,1.4495716e-09,1.5645363e-09
34.0,78.125,1.9600261e-09,2.6143263e-09,4.260733e-09,6.0169287e-09,8.77028e-09,9.458442e-09,7.875666e-09,1.1067656e-08,8.9861105e-09,2.935528e-09,1.2602462e-09,1.3646492e-09
34.0,78.75,1.8429103e-09,2.5457894e-09,4.7283164e-09,6.075106e-09,8.382123e-09,9.90373e-09,9.605115e-09,2.0854015e-08,1.2895756e-08,3.6985996e-09,1.1503688e-09,1.2386951e-09
34.0,79.375,1.671979e-09,2.5246192e-09,4.8038777e-09,7.2649526e-09,8.6255305e-09,1.0372727e-08,1.3310059e-08,2.2602817e-08,1.5451443e-08,4.2982977e-09,1.1083213e-09,1.2315988e-09
34.0,80.0,1.5370288e-09,2.4463216e-09,4.9582862e-09,9.091916e-09,9.886618e-09,1.11873915e-08,1.6899468e-08,2.2662492e-08,1.5291823e-08,4.3102677e-09,1.1361493e-09,1.2691486e-09
34.0,80.625,1.4981003e-09,2.3620632e-09,5.1988476e-09,1.01023945e-08,1.1317253e-08,1.3342772e-08,1.866688e-08,2.3766846e-08,1.5210025e-08,4.1229815e-09,1.160411e-09,1.2891904e-09
34.0,81.25,1.4784569e-09,2.3015414e-09,4.945964e-09,1.0015113e-08,1.2203776e-08,1.5883051e-08,1.8924693e-08,2.284609e-08,1.5432105e-08,4.0369974e-09,1.1391473e-09,1.2469265e-09
34.5,72.5,1.0025954e-08,1.731548e-08,1.758783e-08,1.3766539e-08,1.2640102e-08,2.3196419e-08,3.853708e-08,3.0189348e-08,3.0870037e-08,1.9256335e-08,7.685715e-09,7.143384e-09
34.5,73.125,1.2155741e-08,1.3922057e-08,1.4465176e-08,1.3792519e-08,1.3410451e-08,2.1041464e-08,3.1188158e-08,2.2244036e-08,2.8916718e-08,1.937715e-08,7.521885e-09,6.3329875e-09
34.5,73.75,1.151167e-08,9.332934e-09,1.2065562e-08,1.2455418e-08,1.3756452e-08,1.8672381e-08,2.369973e-08,1.573114e-08,2.1968942e-08,1.3133214e-08,6.1295813e-09,4.993115e-09
34.5,74.375,6.9410206e-09,1.0096991e-08,1.1233639e-08,1.2669265e-08,1.3583667e-08,1.7435802e-08,2.077591e-08,1.3158247e-08,1.716277e-08,9.375354e-09,5.281561e-09,4.7142046e-09
34.5,75.0,5.3092744e-09,6.522831e-09,8.817727e-09,1.2334014e-08,1.3448309e-08,1.5222122e-08,1.4135895e-08,8.38505e-09,1.1029283e-08,5.9093996e-09,4.0650887e-09,3.8656167e-09
34.5,75.625,3.827616e-09,4.4317727e-09,6.7328134e-09,9.713123e-09,1.2773281e-08,1.2174299e-08,8.929712e-09,5.220747e-09,7.014243e-09,4.0836423e-09,2.9114948e-09,2.9222578e-09
34.5,76.25,3.1916223e-09,3.7018222e-09,5.855415e-09,7.9498665e-09,1.1161128e-08,1.0571784e-08,7.1528823e-09,4.5285575e-09,5.8881673e-09,3.3712273e-09,2.451452e-09,2.3753655e-09
34.5,76.875,2.6711682e-09,3.1434735e-09,6.0638654e-09,7.724725e-09,1.0483592e-08,9.587226e-09,6.6419226e-09,4.299506e-09,6.613679e-09,3.0334344e-09,2.4200555e-09,1.9605626e-09
34.5,77.5,2.3077151e-09,2.7764113e-09,5.578547e-09,7.501573e-09,1.0788749e-08,9.409632e-09,7.4437447e-09,8.378188e-09,9.1041175e-09,2.9040863e-09,1.8848596e-09,1.5886892e-09
34.5,78.125,1.8859811e-09,2.743101e-09,5.4582006e-09,6.7792523e-09,9.133234e-09,9.147637e-09,8.265018e-09,1.7405595e-08,1.0992767e-08,3.2582024e-09,1.4909652e-09,1.3750973e-09
34.5,78.75,1.794506e-09,2.6482863e-09,5.8736194e-09,7.9072375e-09,8.989783e-09,9.704369e-09,1.0266347e-08,2.6241535e-08,1.5371544e-08,4.1330006e-09,1.4079513e-09,1.2976803e-09
34.5,79.375,1.6679556e-09,2.5842806e-09,5.9069776e-09,9.322078e-09,8.900696e-09,1.0867522e-08,1.4956258e-08,2.671312e-08,1.8647233e-08,5.0374673e-09,1.3928466e-09,1.3077397e-09
34.5,80.0,1.526252e-09,2.5230764e-09,6.383406e-09,1.1536788e-08,9.437739e-09,1.20701165e-08,1.8637234e-08,2.5863814e-08,1.8446977e-08,5.24759e-09,1.4081138e-09,1.3182649e-09
34.5,80.625,1.4707531e-09,2.423503e-09,6.5530266e-09,1.2691696e-08,1.09923874e-08,1.3858304e-08,1.9402133e-08,2.6605742e-08,1.7244778e-08,5.4483205e-09,1.4118551e-09,1.2901292e-09
34.5,81.25,1.4616949e-09,2.3474058e-09,6.215692e-09,1.2348952e-08,1.2727615e-08,1.6293749e-08,2.0552497e-08,2.6308234e-08,1.7548503e-08,5.5898095e-09,1.3915363e-09,1.2533387e-09
35.0,72.5,8.16358e-09,1.4476362e-08,1.4170881e-08,1.2405739e-08,1.2224892e-08,2.0479881e-08,2.4815005e-08,2.1137346e-08,2.0737282e-08,1.2995418e-08,6.2274013e-09,5.784005e-09
35.0,73.125,8.563325e-09,1.0741197e-08,1.3198594e-08,1.2281422e-08,1.1551437e-08,1.7318568e-08,2.283841e-08,1.4123033e-08,2.007301e-08,1.2754149e-08,5.8798073e-09,5.4026663e-09
35.0,73.75,7.160986e-09,5.9562644e-09,9.239483e-09,1.0035126e-08,1.1423987e-08,1.2883932e-08,1.3893441e-08,9.986457e-09,1.3353815e-08,9.664478e-09,4.9333417e-09,4.065251e-09
35.0,74.375,5.9772205e-09,5.908175e-09,9.649724e-09,9.528303e-09,1.07657545e-08,1.1937967e-08,1.18975105e-08,8.3225e-09,1.1455594e-08,7.463086e-09,4.796095e-09,3.9122794e-09
35.0,75.0,5.063049e-09,5.162292e-09,7.551769e-09,9.110912e-09,1.0361513e-08,1.1720355e-08,1.0083978e-08,6.5502688e-09,8.767514e-09,5.1704188e-09,4.0487333e-09,3.593949e-09
35.0,75.625,4.2746784e-09,4.4838413e-09,7.1427313e-09,8.626746e-09,1.0479528e-08,1.1730602e-08,8.508528e-09,5.29195e-09,7.676499e-09,4.1298103e-09,3.6136119e-09,3.0828498e-09
35.0,76.25,3.4961403e-09,3.7901082e-09,7.231891e-09,8.747611e-09,1.1257286e-08,1.2318711e-08,7.523106e-09,5.3853797e-09,8.132277e-09,3.463299e-09,3.597059e-09,2.5817621e-09
35.0,76.875,2.7359948e-09,3.210013e-09,7.1293824e-09,8.322975e-09,1.0146118e-08,1.0381275e-08,7.395395e-09,7.534249e-09,1.0329026e-08,3.424465e-09,3.0449732e-09,2.0164268e-09
35.0,77.5,2.3440874e-09,2.9828666e-09,7.0646027e-09,8.775138e-09,9.937594e-09,9.481118e-09,7.666205e-09,1.4805299e-08,1.2705148e-08,3.5409382e-09,2.4243454e-09,1.6679913e-09
35.0,78.125,1.938842e-09,2.9096197e-09,6.728794e-09,8.354073e-09,9.120134e-09,8.947154e-09,8.261776e-09,2.2157126e-08,1.3340942e-08,3.6604257e-09,1.8281658e-09,1.4474242e-09
35.0,78.75,1.8485837e-09,2.7804552e-09,6.9954518e-09,9.088186e-09,9.3033385e-09,9.693092e-09,1.0648305e-08,2.9009888e-08,1.6205453e-08,4.7234554e-09,1.7295766e-09,1.3775434e-09
35.0,79.375,1.802947e-09,2.6913571e-09,7.887827e-09,1.10951985e-08,1.0473242e-08,1.204462e-08,1.7296067e-08,3.0154503e-08,2.1054287e-08,6.3907213e-09,1.7901414e-09,1.3999361e-09
35.0,80.0,1.6494393e-09,2.6384035e-09,8.235108e-09,1.452557e-08,1.2189429e-08,1.3982874e-08,2.1705853e-08,2.9088692e-08,2.1307642e-08,6.8355863e-09,1.7859577e-09,1.3667322e-09
35.0,80.625,1.5071682e-09,2.5665616e-09,7.676664e-09,1.46961305e-08,1.36203875e-08,1.4085921e-08,1.9703558e-08,2.7252671e-08,1.7581593e-08,6.21197e-09,1.7217853e-09,1.3005023e-09
35.0,81.25,1.4765797e-09,2.55512e-09,7.47766e-09,1.468217e-08,1.4822622e-08,1.5296216e-08,2.0368867e-08,2.6940628e-08,1.7568816e-08,6.4698007e-09,1.7992685e-09,1.2993379e-09
35.5,72.5,5.219311e-09,7.326418e-09,8.922187e-09,9.145158e-09,1.1121477e-08,1.4412338e-08,1.4204781e-08,1.3445852e-08,1.09344604e-08,7.810506e-09,4.328634e-09,4.34049e-09
35.5,73.125,5.3695723e-09,8.5625675e-09,1.286519e-08,9.724916e-09,1.0389576e-08,1.2480147e-08,1.5983959e-08,1.1595016e-08,1.0506088e-08,7.3628197e-09,4.542865e-09,4.9129567e-09
35.5,73.75,5.6364065e-09,7.108253e-09,1.0579573e-08,9.793064e-09,1.06664e-08,1.2912703e-08,1.475708e-08,1.257152e-08,1.4151813e-08,8.928873e-09,5.0981726e-09,4.6781032e-09
35.5,74.375,5.647993e-09,6.1597802e-09,9.762964e-09,8.92384e-09,1.1006844e-08,1.3274772e-08,1.3531932e-08,1.1170986e-08,1.2108043e-08,6.9602017e-09,4.8706776e-09,3.704768e-09
35.5,75.0,4.9721525e-09,5.3275437e-09,8.4534015e-09,8.7932825e-09,1.1223942e-08,1.2737321e-08,1.04424664e-08,8.035987e-09,9.660486e-09,4.651831e-09,4.828765e-09,3.3656182e-09
35.5,75.625,4.368205e-09,4.70173e-09,8.245949e-09,9.257792e-09,1.1533347e-08,1.2072875e-08,8.524313e-09,6.941124e-09,1.0730264e-08,3.8203654e-09,4.6606754e-09,3.102268e-09
35.5,76.25,3.3643488e-09,3.752145e-09,7.709728e-09,8.887704e-09,1.0346338e-08,1.0773632e-08,7.570839e-09,9.314032e-09,1.2181045e-08,3.6338181e-09,3.792638e-09,2.5824844e-09
35.5,76.875,2.696671e-09,3.2058551e-09,7.23371e-09,8.863814e-09,8.928539e-09,9.429065e-09,7.17207e-09,1.20063754e-08,1.2787313e-08,3.6778274e-09,3.0526508e-09,2.1037787e-09
35.5,77.5,2.3938955e-09,3.1624754e-09,7.778145e-09,9.311285e-09,8.895753e-09,9.367523e-09,7.47568e-09,2.0623805e-08,1.4050829e-08,3.8735815e-09,2.7516005e-09,1.7949391e-09
35.5,78.125,2.0656568e-09,3.0351461e-09,8.227025e-09,9.52438e-09,9.789302e-09,1.0214929e-08,9.795346e-09,2.9057123e-08,1.644859e-08,5.0143627e-09,2.4503493e-09,1.5968783e-09
35.5,78.75,1.892647e-09,2.9196403e-09,9.390474e-09,1.0497024e-08,1.1262831e-08,1.1874333e-08,1.4465777e-08,3.328956e-08,1.9175452e-08,7.251101e-09,2.3302542e-09,1.5002152e-09
35.5,79.375,1.8820114e-09,2.9413871e-09,1.05574145e-08,1.3751105e-08,1.3388055e-08,1.4508562e-08,2.1555142e-08,3.3925442e-08,2.3555428e-08,9.188119e-09,2.2562063e-09,1.4531855e-09
35.5,80.0,1.7497005e-09,2.960048e-09,9.731271e-09,1.7093013e-08,1.4908878e-08,1.4367985e-08,2.1938979e-08,3.0889844e-08,2.1106644e-08,8.368664e-09,2.0701842e-09,1.3602575e-09
35.5,80.625,1.5968059e-09,2.9429137e-09,9.0341725e-09,1.780601e-08,1.676586e-08,1.4774377e-08,2.0904267e-08,2.9188795e-08,1.850911e-08,7.865875e-09,2.0754727e-09,1.3273745e-09
35.5,81.25,1.6473242e-09,3.073816e-09,9.681249e-09,2.0111672e-08,1.9786732e-08,1.751232e-08,2.330504e-08,3.037959e-08,1.9112516e-08,9.0394385e-09,2.4791196e-09,1.4211203e-09
36.0,72.5,4.57701e-09,5.7008265e-09,7.280446e-09,7.3953665e-09,9.815487e-09,1.2923677e-08,1.01004085e-08,1.16913785e-08,6.309862e-09,5.5472635e-09,3.6204484e-09,3.336474e-09
36.0,73.125,4.3843364e-09,5.6965552e-09,7.588487e-09,8.110487e-09,9.773489e-09,1.0076929e-08,7.732231e-09,7.9159195e-09,4.6320565e-09,4.43243e-09,3.441331e-09,3.750495e-09
36.0,73.75,4.3481254e-09,5.660451e-09,9.071677e-09,8.386193e-09,1.0121825e-08,1.0416413e-08,9.472329e-09,8.548869e-09,8.713031e-09,5.292073e-09,3.8805488e-09,3.966457e-09
36.0,74.375,4.5890536e-09,5.3644027e-09,8.9270165e-09,8.671649e-09,1.0621182e-08,1.2224094e-08,1.1193181e-08,8.9469046e-09,1.1102339e-08,4.757807e-09,4.443776e-09,3.2916814e-09
36.0,75.0,4.4783226e-09,4.6943893e-09,8.774467e-09,8.947124e-09,1.0662637e-08,1.2721012e-08,9.886061e-09,9.400728e-09,1.1876485e-08,4.033199e-09,4.5749404e-09,3.0053886e-09
36.0,75.625,3.992303e-09,4.4147197e-09,7.867129e-09,8.87391e-09,1.0118144e-08,1.1966979e-08,9.0857935e-09,1.2282616e-08,1.3261691e-08,3.841156e-09,4.1742774e-09,2.8416611e-09
36.0,76.25,3.3118865e-09,4.116844e-09,7.59076e-09,9.872868e-09,9.458481e-09,1.1090136e-08,8.296059e-09,1.5964009e-08,1.2973032e-08,3.9374752e-09,3.5999543e-09,2.5572755e-09
36.0,76.875,2.7693867e-09,3.5302687e-09,7.771427e-09,1.0430555e-08,9.020251e-09,1.0577151e-08,7.507908e-09,1.7860085e-08,1.2705292e-08,3.833861e-09,3.1709229e-09,2.1921975e-09
36.0,77.5,2.530017e-09,3.3594298e-09,9.278577e-09,9.9032755e-09,1.00415845e-08,1.1747549e-08,9.288787e-09,2.7000434e-08,1.681777e-08,5.0210103e-09,3.2454106e-09,2.0357644e-09
36.0,78.125,2.2022892e-09,3.2782899e-09,1.1708835e-08,1.0940024e-08,1.3150003e-08,1.37525e-08,1.448737e-08,3.5425348e-08,2.1045556e-08,9.01951e-09,3.0202614e-09,1.8524867e-09
36.0,78.75,2.0034128e-09,3.360112e-09,1.2754461e-08,1.3628111e-08,1.6421279e-08,1.677269e-08,2.2082824e-08,3.9181735e-08,2.3917346e-08,1.3568359e-08,2.8575566e-09,1.6842852e-09
36.0,79.375,2.040898e-09,3.3930487e-09,1.3083639e-08,2.0443197e-08,2.0349004e-08,1.9724666e-08,2.8344608e-08,4.0667086e-08,2.7384885e-08,1.5071944e-08,3.4604644e-09,1.6987307e-09
36.0,80.0,2.6461628e-09,3.6187333e-09,1.4036642e-08,2.8348465e-08,2.6194622e-08,2.5755192e-08,3.238118e-08,4.1960917e-08,3.3536676e-08,1.7467535e-08,6.100608e-09,1.9740363e-09
36.0,80.625,3.2023493e-09,4.7363238e-09,1.5719442e-08,3.3111913e-08,3.4383124e-08,2.9797715e-08,3.611128e-08,4.25241e-08,3.8133688e-08,1.8239593e-08,9.243839e-09,2.5850224e-09
36.0,81.25,3.2137693e-09,5.159531e-09,1.5713223e-08,3.4704076e-08,3.9139284e-08,3.0302726e-08,3.501531e-08,4.290996e-08,3.5926192e-08,1.7093498e-08,9.573266e-09,2.7492484e-09
36.5,72.5,4.2435335e-09,5.1071862e-09,6.472103e-09,7.669739e-09,1.0251575e-08,1.3864459e-08,1.0506483e-08,1.2787378e-08,5.962238e-09,4.8266964e-09,3.3150476e-09,3.0536533e-09
36.5,73.125,4.063116e-09,5.003455e-09,6.9328534e-09,7.868766e-09,9.733545e-09,9.957967e-09,7.8302795e-09,8.997279e-09,4.679426e-09,3.6510868e-09,2.9659608e-09,3.1777505e-09
36.5,73.75,4.1437533e-09,5.3116276e-09,8.011765e-09,8.045845e-09,1.0303886e-08,9.920708e-09,7.916125e-09,8.895518e-09,7.689619e-09,3.8515324e-09,3.43911e-09,3.4108363e-09
36.5,74.375,4.2300106e-09,4.9060254e-09,8.3746565e-09,8.611119e-09,1.0571028e-08,1.211356e-08,9.237063e-09,1.1800107e-08,1.2556029e-08,3.8988333e-09,3.8386285e-09,3.028412e-09
36.5,75.0,3.9971084e-09,4.4524637e-09,7.937989e-09,1.00300594e-08,1.0357414e-08,1.2942534e-08,1.0506629e-08,1.6020794e-08,1.5661348e-08,3.8148342e-09,3.8699453e-09,2.666037e-09
36.5,75.625,3.6623555e-09,4.1970583e-09,8.171781e-09,1.1768497e-08,1.04373905e-08,1.3765354e-08,1.1760529e-08,2.1621624e-08,1.6470782e-08,4.6837623e-09,3.9244696e-09,2.5880735e-09
36.5,76.25,3.5930579e-09,4.3495043e-09,1.00205195e-08,1.4430831e-08,1.19191625e-08,1.5301369e-08,1.5287785e-08,3.0669277e-08,1.9430521e-08,7.934581e-09,4.291633e-09,2.6977154e-09
36.5,76.875,3.2643939e-09,4.4981983e-09,1.1550524e-08,1.5527167e-08,1.3793543e-08,1.5809807e-08,1.7236568e-08,3.567091e-08,2.2070374e-08,1.1365581e-08,4.2601034e-09,2.6359284e-09
36.5,77.5,2.764509e-09,4.3450137e-09,1.30456455e-08,1.38070995e-08,1.4744963e-08,1.5776731e-08,1.8387166e-08,3.745293e-08,2.5785539e-08,1.2485457e-08,4.0071275e-09,2.497832e-09
36.5,78.125,3.1071208e-09,4.832194e-09,1.474329e-08,2.2547738e-08,2.2808308e-08,1.9670127e-08,2.6312915e-08,4.3105764e-08,3.2170707e-08,1.9157339e-08,5.231459e-09,2.835346e-09
36.5,78.75,4.272925e-09,8.008653e-09,1.7804826e-08,3.548236e-08,3.064745e-08,2.7577942e-08,3.3514468e-08,4.6501114e-08,4.090592e-08,2.5849907e-08,1.0677558e-08,4.1324064e-09
36.5,79.375,5.70738e-09,1.2836998e-08,2.2786129e-08,4.2601673e-08,4.340414e-08,3.6521246e-08,4.0181476e-08,5.019519e-08,5.030391e-08,2.9625001e-08,1.7783501e-08,5.9796927e-09
36.5,80.0,7.5737e-09,1.9372854e-08,2.959525e-08,4.5999876e-08,5.1057153e-08,5.5131448e-08,4.311486e-08,5.1488666e-08,5.6773267e-08,3.1128188e-08,2.5064553e-08,8.664947e-09
36.5,80.625,1.4462682e-08,3.8075346e-08,4.1235786e-08,5.4604605e-08,6.449168e-08,5.629912e-08,4.638951e-08,5.618166e-08,6.796751e-08,3.5197328e-08,4.0782044e-08,1.7526228e-08
36.5,81.25,2.4465201e-08,5.462029e-08,5.1614823e-08,6.156988e-08,7.526391e-08,5.44643e-08,5.0644655e-08,6.290112e-08,7.438951e-08,3.7774424e-08,5.2619786e-08,2.8632009e-08
37.0,72.5,3.7516563e-09,4.849848e-09,6.2748917e-09,8.034961e-09,1.1576049e-08,1.438566e-08,1.1171969e-08,1.303212e-08,6.1698e-09,4.9749396e-09,3.2657756e-09,2.6480502e-09
37.0,73.125,3.6384757e-09,4.709591e-09,6.1849317e-09,8.574928e-09,1.0550667e-08,1.1303897e-08,8.6786915e-09,1.0451679e-08,6.8413857e-09,3.8717807e-09,2.8233558e-09,2.7074587e-09
37.0,73.75,3.6953072e-09,4.9527182e-09,6.6207346e-09,8.999298e-09,1.08785985e-08,1.1888187e-08,8.703043e-09,1.4267566e-08,1.1282046e-08,3.7540016e-09,2.996118e-09,3.0986924e-09
37.0,74.375,3.9942414e-09,4.7192543e-09,7.3903963e-09,1.0442515e-08,1.09274465e-08,1.3471011e-08,9.723554e-09,1.8991011e-08,1.9123938e-08,3.92762e-09,3.4050496e-09,2.9680334e-09
37.0,75.0,3.9869734e-09,4.47028e-09,8.219067e-09,1.4213265e-08,1.1511254e-08,1.4967311e-08,1.2412197e-08,2.425059e-08,2.5785395e-08,5.847175e-09,3.8972e-09,2.817886e-09
37.0,75.625,3.7540273e-09,4.4829966e-09,9.896887e-09,1.775361e-08,1.3324273e-08,1.8208993e-08,1.8966954e-08,3.3929314e-08,2.994633e-08,1.1016665e-08,4.5742885e-09,2.8188174e-09
37.0,76.25,3.853705e-09,6.431784e-09,1.4115006e-08,2.6041683e-08,1.8479934e-08,2.1814351e-08,2.5822022e-08,4.343571e-08,3.8996767e-08,2.0157438e-08,7.1627255e-09,3.259541e-09
37.0,76.875,5.6346203e-09,1.5342591e-08,2.2038172e-08,4.190448e-08,3.2616533e-08,2.4122649e-08,2.848068e-08,4.8790106e-08,5.29198e-08,2.8411616e-08,1.459266e-08,6.5126495e-09
37.0,77.5,6.0241665e-09,1.7469704e-08,2.3475819e-08,4.409194e-08,3.6857127e-08,2.4706667e-08,3.0696736e-08,4.818421e-08,5.284995e-08,2.846293e-08,1.5315466e-08,7.359543e-09
37.0,78.125,7.847758e-09,2.4675566e-08,2.8703477e-08,5.5522165e-08,4.2381515e-08,3.0298725e-08,3.7967002e-08,5.054731e-08,5.6808616e-08,3.3015304e-08,2.1019513e-08,1.0505837e-08
37.0,78.75,1.3983319e-08,4.2551815e-08,3.979415e-08,6.127557e-08,5.24407e-08,4.33025e-08,4.5471918e-08,5.566765e-08,6.903077e-08,3.954612e-08,3.7829402e-08,1.7707276e-08
37.0,79.375,2.3750486e-08,6.6891324e-08,5.5210787e-08,6.989503e-08,7.084571e-08,5.2204026e-08,5.394794e-08,6.260762e-08,8.183221e-08,4.5465345e-08,5.8718797e-08,2.8696142e-08
37.0,80.0,3.0550865e-08,8.038413e-08,6.8089236e-08,7.9663735e-08,8.329258e-08,6.491318e-08,5.6677596e-08,7.174141e-08,8.973972e-08,4.921716e-08,6.872967e-08,3.5589643e-08
37.0,80.625,4.5343473e-08,9.54312e-08,8.486207e-08,9.888463e-08,8.971807e-08,8.156446e-08,6.4788644e-08,9.3253604e-08,9.296964e-08,5.8304362e-08,8.793698e-08,4.75397e-08
37.0,81.25,6.079532e-08,1.107341e-07,9.774897e-08,1.1157293e-07,1.0022749e-07,8.7008324e-08,7.1491215e-08,1.0500545e-07,9.739573e-08,6.64194e-08,1.0573373e-07,5.83736e-08
